facility_id	facility_type	treatment	flights	region	district	s0_employee	s0_cadre	consent	s1_1a	s1_1b	s1_1c	s1_1d	s1_1e	s1_1f	s1_1f_other	s1_1a_1	s1_1a_2	s1_1a_3	s1_1a_4	s1_1a_5	s1_1a_6	s1_02	s1_03	s1_04	s1_05	s1_05_1	s1_05_2	s1_05_3	s1_05_4	s1_05_5	s1_05_6	s1_05_7	s1_05_77	s1_06	s1_06_1	s1_06_2	s1_06_3	s1_06_4	s1_06_5	s1_06_6	s1_06_7	s1_06_77	s1_07	s1_08	s1_09	s1_10	s1_10a	s1_10b	s1_10c	s1_11	s1_12	s1_13	s1_14	s1_15	s1_16	s1_16_1	s1_16_2	s1_16_3	s1_16_4	s1_16_5	s1_16_6	s1_16_7	s1_16_8	s1_16_77	s1_17	s1_18	s2_01	s2_01_1	s2_01_2	s2_01_3	s2_01_4	s2_01_5	s2_01_6	s2_01_7	s2_01_8	s2_01_9	s2_01_10	s2_01_11	s2_01_12	s2_01_13	s2_01_method_count	s2_02_method_1	s2_02_1	s2_03_1	s2_02_method_2	s2_02_2	s2_03_2	s2_02_method_3	s2_02_3	s2_03_3	s2_02_method_4	s2_02_4	s2_03_4	s2_02_method_5	s2_02_5	s2_03_5	s2_02_method_6	s2_02_6	s2_03_6	s2_02_method_7	s2_02_7	s2_02_method_8	s2_02_8	s2_04	s2_05	s2_06	s2_07	s2_08	s2_09	s2_09_1	s2_09_2	s2_09_3	s2_09_4	s2_09_5	s2_09_6	s2_09_7	s2_09_8	s2_10	s2_11	s2_11_1	s2_11_2	s2_11_3	s2_11_4	s2_11_77	s2_12	s2_13	s2_13_1	s2_13_2	s2_13_3	s2_13_4	s2_13_77	s2_14	s2_15	s2_16	s2_16_1	s2_16_2	s2_16_3	s2_16_4	s2_16_5	s2_16_6	s2_16_7	s2_16_8	s2_17	s2_18	s2_18_1	s2_18_2	s2_18_3	s2_18_4	s2_18_5	s2_18_6	s2_18_7	s2_18_8	s2_19	s2_19_c	s2_19_d	s2_19_e	s2_19_f	s2_19_g	s2_19_h	s2_19_i	s2_19_j	s2_19_m	s2_19_p	s2_19_q	s2_19_r	s2_19_s	s2_19_t	s2_19_u	s2_19_v	s2_19_w	s2_19_z	s2_20_stock_fp_1	s2_20_1	s2_21_1	s2_22_1	s2_23_1	s2_24_1	s2_25_1	s2_26_1	s2_27_1	s2_28_1	s2_29_1	s2_30_1	s2_31_1	s2_20_stock_fp_2	s2_20_2	s2_21_2	s2_22_2	s2_23_2	s2_24_2	s2_25_2	s2_26_2	s2_27_2	s2_28_2	s2_29_2	s2_30_2	s2_31_2	s2_20_stock_fp_3	s2_20_3	s2_21_3	s2_22_3	s2_23_3	s2_20_stock_fp_4	s2_20_4	s2_21_4	s2_22_4	s2_23_4	s2_20_stock_fp_5	s2_20_5	s2_21_5	s2_22_5	s2_23_5	s2_20_stock_fp_6	s2_20_6	s2_21_6	s2_22_6	s2_23_6	s2_20_stock_fp_7	s2_20_7	s2_21_7	s2_22_7	s2_23_7	s2_20_stock_fp_8	s2_20_8	s2_22_8	s2_23_8	s2_32	s2_33	s2_34	s2_35	s3_01	s3_02	s3_03	s3_04	s3_05	s3_06	s3_07	s3_08	s4_01	s4_02	s4_02_1	s4_02_2	s4_02_3	s4_02_4	s4_02_5	s4_02_6	s4_02_7	s4_02_8	s4_03_antimal_1	s4_03_1	s4_04_1	s4_05_1	s4_03_antimal_2	s4_03_2	s4_04_2	s4_05_2	s4_03_antimal_3	s4_03_3	s4_04_3	s4_05_3	s4_03_antimal_4	s4_03_4	s4_04_4	s4_05_4	s4_05_oth_4	s4_03_antimal_5	s4_03_5	s4_04_5	s4_05_5	s4_03_antimal_6	s4_03_6	s4_04_6	s4_05_6	s4_05_oth_6	s4_03_antimal_7	s4_03_7	s4_06	s4_07	s4_08	s4_09	s4_10	s4_11	s5_01	s5_02	s5_03	s5_04	s5_05	s5_06	s5_07	s5_08	s5_08_oth	s5_09	s5_10	s5_11	s5_12	s6_00_vaccine_1	s6_01_1	s6_02_1	s6_03_1	s6_04_1	s6_00_vaccine_2	s6_01_2	s6_02_2	s6_03_2	s6_04_2	s6_00_vaccine_3	s6_01_3	s6_02_3	s6_03_3	s6_04_3	s6_00_vaccine_4	s6_01_4	s6_02_4	s6_03_4	s6_04_4	s6_00_vaccine_5	s6_01_5	s6_02_5	s6_03_5	s6_04_5	s6_00_vaccine_6	s6_01_6	s6_02_6	s6_03_6	s6_04_6	s6_00_vaccine_7	s6_01_7	s6_02_7	s6_03_7	s6_04_7	s6_00_vaccine_8	s6_01_8	s6_02_8	s6_03_8	s6_04_8	s6_00_vaccine_9	s6_01_9	s6_02_9	s6_03_9	s6_04_9	s6_00_vaccine_10	s6_01_10	s6_02_10	s6_03_10	s6_04_10	s6_00_vaccine_11	s6_01_11	s6_02_11	s6_03_11	s6_04_11	s7_01	s7_02	s7_03	s7_04	s7_05	s7_06	s7_07	s7_08	s7_09	s7_10	s7_11	s7_12	s7_13	s7_14	s7_15	s7_16	s7_17	s7_18	s7_19	s7_20	s8_01	s8_02	s8_03	s8_04	s8_05	s8_06	s8_07	s8_08	s8_09	s8_10	s8_11	s8_12	s9_01_minutes	s9_01_hours	s9_02_minutes	s9_02_hours	s9_03_minutes	s9_03_hours	s9_04_minutes	s9_04_hours	s9_05_minutes	s9_05_hours	s9_06_minutes	s9_06_hours	s10_01	s10_02	s10_03	s10_03_1	s10_03_2	s10_03_3	s10_03_4	s10_03_5	s10_03_6	s10_03_7	s10_03_8	s10_03_9	s10_03_10	s10_03_11	s10_03_12	s10_03_13	s10_03_14	s10_03_15	s10_03_16	s10_03_17	s10_03_18	s10_03_19	s10_03_20	s10_03_21	s10_03_22	s10_03_23	s10_03_24	s10_03_25	s10_03_26	s10_03_27	s10_03_28	s10_03_29	s10_03_30	s10_03_31	s10_03_32	s10_03_33	s10_03_34	s10_03_35	s10_03_36	s10_03_37	s10_03_38	s10_03_39	s10_03_40	s10_03_41	s10_03_42	s10_03_43	s10_03_44	s10_03_45	s10_03_46	s10_03_47	s10_03_48	s10_03_49	s10_03_50	s10_03_51	s10_03_52	s10_03_53	s10_03_54	s10_03_55	s10_03_56	s10_04	s10_04_1	s10_04_2	s10_04_3	s10_04_4	s10_04_77	s10_04_oth	s10_05	s10_05_1	s10_05_2	s10_05_3	s10_05_4	s10_05_5	s10_05_77	s10_07	s10_08	s10_09	s10_10	s10_11	s10_12	s10_13	s10_14	s10_15	s11_01	s11_02	s11_03	s11_04	s11_05	s11_06	s11_07	s11_08	s11_09	s11_10	s11_11	s11_12	s11_13	s11_14	s11_14a	s11_15	s11_16	s12_00	s12_01	s12_02	s12_03	s12_04	s12_05	s12_06	s12_06_1	s12_06_2	s12_06_3	s12_06_4	s12_06_5	s12_06_77	s12_07	s12_07_1	s12_07_2	s12_07_3	s12_07_4	s12_07_5	s12_07_6	s12_07_7	s12_07_8	s12_07_9	s12_07_10	s12_07_11	s12_07_12	s12_07_13	s12_07_77	s12_07_44	s12_07_99	s12_08	s12_08_1	s12_08_2	s12_08_3	s12_08_4	s12_08_5	s12_08_6	s12_08_7	s12_08_8	s12_08_9	s12_08_77	s12_08_44	s12_08_99	s12_09	s12_10	s12_11	s12_12	s12_13	s12_13_2	s12_13_3	s12_13_4	s12_13_5	s12_13_6	s12_13_7	s12_13_8	s12_13_9	s12_13_10	s12_13_99	s12_13_88	s12_13_77	s12_14	s12_15	s12_15_1	s12_15_2	s12_15_3	s12_15_4	s12_15_5	s12_15_6	s12_15_7	s12_15_8	s12_15_9	s12_15_10	s12_15_11	s12_15_12	s12_15_13	s12_15_14	s12_15_15	s12_15_16	s12_15_17	s12_15_18	s12_15_19	s12_15_20	s12_15_21	s12_15_22	s12_15_23	s12_15_24	s12_15_25	s12_15_26	s12_15_27	s12_15_28	s12_15_29	s12_15_30	s12_15_31	s12_15_32	s12_15_33	s12_15_34	s12_15_35	s12_15_36	s12_15_37	s12_15_38	s12_15_39	s12_15_40	s12_15_41	s12_15_42	s12_15_43	s12_15_44	s12_15_45	s12_15_46	s12_15_47	s12_15_48	s12_15_49	s12_15_50	s12_15_51	s12_15_52	s12_15_53	s12_15_54	s12_15_55	s12_15_56	s12_16	s12_17	s12_17_1	s12_17_2	s12_17_3	s12_17_4	s12_17_5	s12_17_99	s12_17_88	s12_17_77	s12_18	s12_19	s12_19_1	s12_19_2	s12_19_3	s12_19_4	s12_19_5	s12_19_99	s12_19_88	s12_19_77	s12_19_oth	s12_20	s12_20_1	s12_20_2	s12_20_3	s12_20_4	s12_20_5	s12_20_99	s12_20_88	s12_20_77	s12_21	s12_23	s12_23_1	s12_23_2	s12_23_99	s12_23_88	s12_23_77	s12_24	s12_26	s12_27	s12_27_1	s12_27_2	s12_27_3	s12_27_4	s12_27_5	s12_27_6	s12_27_7	s12_27_44	s12_27_77	s12_28
102015	"CSB2"	1	19	1	1	1	2	1	0	1	0	1	0	1	"GUARD"		1		1		1	2	1	3																			1	0	0					3	4	0		0													"3 5 6 7 9 13"	0	0	1	0	1	1	1	0	1	0	0	0	1	6	3	0		5	0		6	0		7	0		9	0		13	0						0	1	1			"1 2 3 4 5 7"	1	1	1	1	1	0	1	0	0	"3"	0	0	1	0	0	1							1											0										1	3		0	30	0		30		0	3		0	4	0		30		0	3	1	0			1	0			1	0			5	3		90	10									6	1	0			7	1	0			9	3		83	7	13	3		90	7										1	0			3		90	7	1	0			1	"1 2 3 4 5 8"	1	1	1	1	1	0	0	1	1	0			2	0			3	0			4	0				7	0			8	0						1	0			1	1	1	0			3		90	7		1	0			11	1	0			4	1	0			5	1	0			6	1	0			7	1	0			8	1	0			9	1	0			10	1	0			1	3		90	1	2	4				3	4				4				1	0			1	0			1	0			4				1	0			1	0			1	0															0																																																																									1	6	1	1	1	2024-08-01	1	1	3	0	0	1	1	1	0	0	5	0	1	1	5	5	1	1	0	1	1	1	3	1	2	0								"1 3 4 6 8 10 11 12 13"	1	0	1	1	0	1	0	1	0	1	1	1	1	0	0	0	"44"	0	0	0	0	0	0	0	0	0	0	1	0	1	1	1	1	"2 5 6 7"	1	0	0	1	1	1	0	0	0	0	0	0	1	"1 2 3 4 5 6 7 8 10 11 12 14 15 16 17 18 19 20 21 22 23 24 25 26 27 28 29 30 31 32 33 34 35 38 39 40 41 42 43 44 45 46 47 48 49 51 52 53 54 55 56"	1	1	1	1	1	1	1	1	0	1	1	1	0	1	1	1	1	1	1	1	1	1	1	1	1	1	1	1	1	1	1	1	1	1	1	0	0	1	1	1	1	1	1	1	1	1	1	1	1	0	1	1	1	1	1	1	1	"4"	0	0	0	1	0	0	0	0	0																				1	"1 2"	1	1	0	0	0	0	1	"2 7"	0	1	0	0	0	0	1	0	0	"DEVICE'S TECHNICAL IMPROVEMENT"
104094	"CSB2"	0		1	1	1	7	1	0	0	2	1	0	1	"GUARD"			2	1		1	3	1	3																			0	1	1	1	1	1	1	3	4	0		0													"3 5 6 7 9"	0	0	1	0	1	1	1	0	1	0	0	0	0	5	3	0		5	0		6	0		7	0		9	0									0	1	1			"1 2 3 4 6 7"	1	1	1	1	0	1	1	0	1							1							1											0										1	0		0	0	0		0			0		0	0	0		0			3	3		90	7	1	0			1	0			5	3		60	7									6	3		60	7	7	3		60	7	9	3		60	7															1	0			1	0			1	0			1	"1 2 3 4 5"	1	1	1	1	1	0	0	0	1	0			2	0			3	0			4	0				7	0										1	0			1	1	1	0			1	0				1	0			11	1	0			4	1	0			5	1	0			6	1	0			7	1	0			8	1	0			9	1	0			10	1	0			1	4				2	4				3	4				4				4				4				1	0			3		90	10	1	0			1	0			1	0															0																																																																									0	6	1	1	1	2024-09-20	1	1	1	1	1	1	1	1	0	1	2	0	1	1	4	4	1	1	1	0	0	0																																										0	3		88														1	"1 2 3 4 5 6 7 8 10 11 12 18 19 20 21 22 23 24 25 32 33 38 39 40 41 42 43 44 45"	1	1	1	1	1	1	1	1	0	1	1	1	0	0	0	0	0	1	1	1	1	1	1	1	1	0	0	0	0	0	0	1	1	0	0	0	0	1	1	1	1	1	1	1	1	0	0	0	0	0	0	0	0	0	0	0					0	0	0				0																				1	"1"	1	0	0	0	0	0	5	"2 4"	0	1	0	1	0	0	0	0	0	"NO BENEFICIARY"
110046	"CSB1"	1	0	1	1	1	2	1	0	1	1	1	0	1	"GUARD"		1	1	1		1	3	1	3																			0	0	1	1	1	1	0	3	4	0		0													"3 5 6 7 9"	0	0	1	0	1	1	1	0	1	0	0	0	0	5	3	1	1000	5	0		6	0		7	0		9	0									0	1	1			"1 2 3 4 5 6 7"	1	1	1	1	1	1	1	0	1							1							1											0										1	0		0	0	0		0			0		0	0	0		0			3	3		70	7	1	0			1	0			5	3		60	7									6	3		60	7	7	3		80	7	9	3		57	7															1	0			1	0			1	0			1	"1 2 3 4 5 7"	1	1	1	1	1	0	1	0	1	0			2	0			3	0			4	0				7	0			6	0						1	0			1	1	1	0			1	0				1	0			11	1	0			4	1	0			5	1	0			6	1	0			7	1	0			8	1	0			9	1	0			10	1	0			1	4				2	4				3	4				4				4				4				1	0			3		90	10	1	0			1	0			1	0															0																																																																									0	6	1	1	1	2024-09-11	1	1	1	1	1	1	1	1	1	1	3	0	1	1	4	4	1	1	1	0	0	0																																										1	1	1	1	"2 6"	1	0	0	0	1	0	0	0	0	0	0	0	1	"1 2 3 4 5 6 8 10 11 12 18 19 20 21 22 23 24 25 32 33 38 39 40 41 42 43 44 45"	1	1	1	1	1	1	0	1	0	1	1	1	0	0	0	0	0	1	1	1	1	1	1	1	1	0	0	0	0	0	0	1	1	0	0	0	0	1	1	1	1	1	1	1	1	0	0	0	0	0	0	0	0	0	0	0					0	0	0				0																				1	"1"	1	0	0	0	0	0	7	"7"	0	0	0	0	0	0	1	0	0	"THE PROJECT IS NOT PROFITABLE"
110066	"CSB2"	1	6	1	1	1	2	1	0	1	1	1	0	1	"GUARD"		1	1	0		0	2	0	3																			0	0	1	1	0	1	0	3	4	0		0													"3 5 6 7 9"	0	0	1	0	1	1	1	0	1	0	0	0	0	5	3	0		5	0		6	0		7	0		9	0									0	1	1			"1 2 3 4 7"	1	1	1	1	0	0	1	0	0	"1 3"	1	0	1	0	0	1							1											0										1	0		0	0	0		0			0		0	0	0		0			3	3		90	7	1	1	90	7	1	0			5	3		90	7									6	3		90	7	7	3		90	7	9	3		90	7															1	0			1	1	90	10	3		90	1	1	"4 5"	0	0	0	1	1	0	0	0	4	0			7	0																							1	0			1	1	4				3		90	1		1	0			11	1	0			4	1	0			5	1	0			6	1	0			7	1	1	60	7	8	1	0			9	1	0			10	1	0			1	1	0			2	4				3	4				4				4				4				3		90	1	4				1	0			1	0			1	0															0																																																																									1	5	1	1	0		1	0	2	1	1	1	1	1	1	0	2	0	1	1	2	4	1	1	1	0	1	1	3	1	2	1	"2"	0	1	0	0	0	0	"1 4"	1	0	0	1	0	0	0	0	0	0	0	0	0	0	0	0	"44"	0	0	0	0	0	0	0	0	0	0	1	0	1	1	1	0														1	"1 2 3 4 5 6 7 8 10 11 12 13 14 15 16 17 18 19 20 21 22 23 24 25 26 27 28 29 30 31 32 33 34 35 38 39 40 41 42 43 44 45 46 47"	1	1	1	1	1	1	1	1	0	1	1	1	1	1	1	1	1	1	1	1	1	1	1	1	1	1	1	1	1	1	1	1	1	1	1	0	0	1	1	1	1	1	1	1	1	1	1	0	0	0	0	0	0	0	0	0	1	"4"	0	0	0	1	0	0	0	0	1	"4"	0	0	0	1	0	0	0	0		"1 2 3 4"	1	1	1	1	0	0	0	0	1	"1 2"	1	1	0	0	0	0	5	"5"	0	0	0	0	1	0	0	0	0	"ALL THE ISOLATED FACILITY SHOULD BENEFICIT FROM DRONE"
115035	"CSB2"	0		1	1	1	2	1	0	1	2	0	0	1	"GUARD"		1	2			1	2	0	3																			0	0	1	1	1	1	0	3	5	0		0													"3 5 6 7 9"	0	0	1	0	1	1	1	0	1	0	0	0	0	5	3	1	4500	5	0		6	0		7	0		9	0									0	1	1			"1 2 3 4 6 7"	1	1	1	1	0	1	1	0	1							1							1											0										1	0		0	0	0		0			0		0	0	0		0			3	3		90	7	1	0			1	0			5	3		90	7									6	3		90	7	7	3		90	7	9	3		90	1															1	0			1	0			1	0			1	"2 3 4 5"	0	1	1	1	1	0	0	0	2	0			3	0			4	0			7	0															1	0			1	1	1	0			1	0				1	0			11	1	0			4	1	0			5	1	0			6	1	0			7	1	0			8	1	0			9	1	0			10	1	0			1	3		90	1	2	4				3	4				4				4				4				1	0			3		90	10	1	0			1	0			1	0															0																																																																									0	6	1	1	1	2024-10-23	1	1	0	1	1	1	1	1	0	0	3	0	1	1	2	3	1	1	1	0	0	0																																										0	3		88														1	"1 2 3 4 5 6 7 8 10 11 12 18 19 20 21 22 23 24 25 32 33 39 40 41 42 43 44 45"	1	1	1	1	1	1	1	1	0	1	1	1	0	0	0	0	0	1	1	1	1	1	1	1	1	0	0	0	0	0	0	1	1	0	0	0	0	0	1	1	1	1	1	1	1	0	0	0	0	0	0	0	0	0	0	0					0	0	0				0																				1	"1"	1	0	0	0	0	0	5	"2 4"	0	1	0	1	0	0	0	0	0	"DO NOT LIMIT PRODUCTS ORDERED"
121096	"CSB1"	1	0	1	1	1	7	1	0	0	2	1	0	0				2	0			3	1	2	"4"	0	0	0	1	0	0	0	0										0	0	1	1	0	1	0	3	4	1	1	0													"3 5 7 9"	0	0	1	0	1	0	1	0	1	0	0	0	0	4	3	0		5	0		7	0		9	0												0	1	1			"1 2 3 4 5 6"	1	1	1	1	1	1	0	0	1							1							1																					1	0		50		0		0			0		0		0		0			3	3		90	7	1	0			1	0			5	3		15	7									7	1	1	18	4	9	1	0																						3		90	7	3		90	7	3		90	7	1	"1 2 3 4 5 7"	1	1	1	1	1	0	1	0	1	0			2	0			3	0			4	0				7	0			6	0						1	0			1	1	1	0			1	0				1	0			11	1	0			4	1	0			5	1	0			6	1	0			7	1	0			8	1	0			9	1	0			10	1	0			1	3		90	1	2	3		90	1	3	3		90	1	4				4				4				1	0			3		90	1	1	0			3		2	1	1	0															0																																																																									0	6	1	1	0		1	0	1	1	1	0	1	0	0	1	2	1	1	1	4	4	1	4	1	3	0	0																																										1	1	1	1	"2"	1	0	0	0	0	0	0	0	0	0	0	0	1	"1 2 3 5 7 8 10 11 12 38 39 40 41 42 43 44 45 48 49 51 52 55 56"	1	1	1	0	1	0	1	1	0	1	1	1	0	0	0	0	0	0	0	0	0	0	0	0	0	0	0	0	0	0	0	0	0	0	0	0	0	1	1	1	1	1	1	1	1	0	0	1	1	0	1	1	0	0	1	1					0	0	0				0																				1	"1"	1	0	0	0	0	0	5	"2 4"	0	1	0	1	0	0	0	0	0	"NO BENEFICIARY"
121097	"CSB1"	1	19	1	1	1	7	1	0	1	1	1	3	1	"GUARD"		1	1	1	3	1	3	1	3																			0	0	0					3	4	0		0													"3 5 7 9"	0	0	1	0	1	0	1	0	1	0	0	0	0	4	3	0		5	0		7	0		9	0												0	1	1			"1 2 3 4 5 6 7"	1	1	1	1	1	1	1	0	1							1							1																					1	0		13		0		2			0		8		0		0			3	3		90	7	1	0			1	0			5	3		20	7									7	3		90	7	9	1	0																						1	0			3		90	7	1	0			1	"1 2 3 4 5"	1	1	1	1	1	0	0	0	1	0			2	0			3	0			4	0				7	0										1	0			0	1	1	0			3		90	7		1	0			11	1	0			4	1	0			5	1	0			6	1	0			7	1	0			8	1	0			9	1	0			10	1	0			1	3		90	1	2	4				3	4				4				4				4				1	0			3		90	7	1	0			3		90	7	1	0															0																																																																									0	6	1	1	1	2024-08-11	1	1	0	1	1	1	1	0	1	0	2	0	0	1	3	4	1	2	1	1	1	1		1	2	1	"2"	0	1	0	0	0	0	"2 5 10"	0	1	0	0	1	0	0	0	0	1	0	0	0	0	0	0	"9"	0	0	0	0	0	0	0	0	1	0	0	0	1	1	1	1	"2"	1	0	0	0	0	0	0	0	0	0	0	0	1	"1 2 3 5 8 10 11 12 18 19 20 21 22 23 24 25 38 39 40 41 42 43 44 45 48 49 51 52 54 55 56"	1	1	1	0	1	0	0	1	0	1	1	1	0	0	0	0	0	1	1	1	1	1	1	1	1	0	0	0	0	0	0	0	0	0	0	0	0	1	1	1	1	1	1	1	1	0	0	1	1	0	1	1	0	1	1	1	1	"4"	0	0	0	1	0	0	0	0	1	"77"	0	0	0	0	0	0	0	1	"DRONE LANDING SITE IS NOT ACCESSIBLE"	"1 2 3"	1	1	1	0	0	0	0	0	1	"1"	1	0	0	0	0	0	7	"2"	0	1	0	0	0	0	0	0	0	"QUANTITY DELIVERED DOES NOT CORRESPOND TO ORDER"
125001	"CSB2"	0		1	1	1	2	1	0	1	0	1	0	1	"GUARD"		1		0		1	2	0	3																			1	0	1	1	1	1	0	3	5	0		0													"3 5 6 7 9"	0	0	1	0	1	1	1	0	1	0	0	0	0	5	3	0		5	0		6	0		7	0		9	0									0	1	1			"1 2 3 4 6 7"	1	1	1	1	0	1	1	0	1							1							1											0										1	0		0	0	0		0			0		0	0	0		0			3	3		60	7	1	0			1	0			5	3		60	7									6	3		60	7	7	3		60	7	9	1	0																	1	1	85	7	3		90	7	3		90	7	1	"2 3 4 5"	0	1	1	1	1	0	0	0	2	0			3	0			4	0			7	0															1	0			1	1	3		90	7	3		90	7		1	0			11	1	0			4	1	0			5	1	0			6	1	0			7	1	0			8	1	0			9	1	0			10	1	0			1	4				2	4				3	4				4				4				4				1	0			3		90	7	1	0			1	0			1	0															0																																																																									0	6	1	1	1	2024-09-15	1	1	3	1	1	1	1	1	1	0	5	0	0	1	1	2	1	2	2	0	0	0																																										0	3		88														88																																																														0	0	0				0																				1	"1"	1	0	0	0	0	0	5	"2"	0	1	0	0	0	0	0	0	0	"THE PROJECT IS NOT PROFITABLE"
125092	"CSB1"	1	0	1	1	1	2	1	0	1	1	1	0	1	"GUARD"		1	1	1		1	2	0	3																			1	0	1	1	1	1	1	2	4	1	1	0													"3 5 6 7 9"	0	0	1	0	1	1	1	0	1	0	0	0	0	5	3	0		5	0		6	0		7	0		9	0									0	1	1			"1 2 3 4 7"	1	1	1	1	0	0	1	0	0	"3"	0	0	1	0	0	1							1											0										1	0		0	0	0		0			0		0	0	0		0			3	3		60	7	1	0			1	0			5	3		29	7									6	3		29	7	7	3		90	7	9	3		90	7															1	1	7	7	1	0			1	0			1	"2 3 4 8"	0	1	1	1	0	0	0	1	2	0			3	0			4	0			8	0															1	0			1	1	3		29	1	3		90	7		1	0			11	1	0			4	1	0			5	1	0			6	1	0			7	1	0			8	1	0			9	1	0			10	1	0			1	4				2	4				3	4				4				4				4				1	0			3		90	10	1	0			3		29	1	1	0															1	2024-07-01	"44"	0	0	0	0	0	0	0	0	0	0	0	0	0	0	0	0	0	0	0	0	0	0	0	0	0	0	0	0	0	0	0	0	0	0	0	0	0	0	0	0	0	0	0	1	0	0	0	0	0	0	0	0	0	0	0	0	"77"	0	0	0	0	1	"USE_OTHER_TYPES OF SIMILAR MEDICATION SUCH AS QUININE INJECTION"	"3"	0	0	1	0	0	0	1	6	1	1	1	2024-09-27	1	1	3	1	1	1	1	1	1	0	2	1	1	1	5	4	1	1	0	1	1	0																																										1	1	1	1	"2 5 6 7"	1	0	0	1	1	1	0	0	0	0	0	0	1	"1 2 3 4 5 6 7 8 10 11 12 14 15 16 17 18 19 20 21 22 23 24 25 26 27 28 29 30 31 32 33 34 35 38 39 40 41 42 43 44 45 46"	1	1	1	1	1	1	1	1	0	1	1	1	0	1	1	1	1	1	1	1	1	1	1	1	1	1	1	1	1	1	1	1	1	1	1	0	0	1	1	1	1	1	1	1	1	1	0	0	0	0	0	0	0	0	0	0	1	"3"	0	0	1	0	0	0	0	0	0																				1	"1"	1	0	0	0	0	0	5	"7"	0	0	0	0	0	0	1	0	0	"UNFULFILLED PROJECT COMMITMENT"
138006	"CSB1"	0		1	1	1	2	1	0	2	0	1	2	1	"GUARD"		2		1	0	1	2	1	3																			1	0	0					3	5	1	1	0													"3 5 6 9"	0	0	1	0	1	1	0	0	1	0	0	0	0	4	3	1	1000	5	0		6	0		9	0												0	1	1			"1 2 3 4 5 6 7"	1	1	1	1	1	1	1	0	1							1							0	1										0										1	0		10	2			0			0		10	1			0			3	3		90	7	1	0			1	0			5	3		15	7									6	1	0			9	1	1	60	2																				1	0			3		90	7	3		30	2	1	"1 2 3 4 5 7"	1	1	1	1	1	0	1	0	1	0			2	0			3	0			4	0				7	0			6	0						1	0			1	1	3		90	7	3		90	7		1	0			11	1	0			4	1	0			5	1	0			6	1	0			7	1	0			8	1	0			9	1	0			10	1	0			1	4				2	4				3	4				4				4				4				1	0			3		90	10	1	0			3		90	10	1	0															0																																																																									0	6	1	1	1	2024-09-05	1	1	1	1	1	1	1	1	0	1	3	0	1	1	4	4	1	1	1	0	0	0																																										0	3		88														0																																																														0	0	0				0																				1	"1"	1	0	0	0	0	0	5	"2 4"	0	1	0	1	0	0	0	0	0	"NO BENEFICIARY"
138008	"CSB1"	1	11	1	1	1	7	1	0	1	1	1	1	1	"GUARD"		1	1	0	0	1	3	1	3																			1	0	0					3	5	0		0													"3 5 6 7 9"	0	0	1	0	1	1	1	0	1	0	0	0	0	5	3	1	500	5	0		6	0		7	0		9	0									0	1	1			"1 2 3 4 5 6 7"	1	1	1	1	1	1	1	0	1							1							1											0										1	0		15	18	0		0			0		1	5	0		0			3	1	0			3		15	7	1	0			5	3		15	7									6	3		15	7	7	3		90	7	9	1	0																	1	0			3		90	7	1	0			1	"1 2 5 8"	1	1	0	0	1	0	0	1	1	0			2	0			7	0			8	0															1	0			1	1	1	0			1	0				1	0			11	1	0			4	1	0			5	1	0			6	1	0			7	1	0			8	1	0			9	1	0			10	1	0			1	4				2	4				3	4				4				4				4				1	0			3		90	1	1	0			4				1	0															0																																																																									1	1	1	1	0		1	0	2	1	1	1	1	1	1	1	2	0	1	1	4	4	1	1	1	0	1	1	8	0		0								"2 6 12"	0	1	0	0	0	1	0	0	0	0	0	1	0	0	0	0	"8"	0	0	0	0	0	0	0	1	0	0	0	0	1	1	1	1	"2"	1	0	0	0	0	0	0	0	0	0	0	0	1	"1 2 3 4 5 6 8 10 11 12 18 19 20 21 22 23 24 25 38 39 40 41 42 43 44 45"	1	1	1	1	1	1	0	1	0	1	1	1	0	0	0	0	0	1	1	1	1	1	1	1	1	0	0	0	0	0	0	0	0	0	0	0	0	1	1	1	1	1	1	1	1	0	0	0	0	0	0	0	0	0	0	0	1	"3"	0	0	1	0	0	0	0	0	0																				1	"1"	1	0	0	0	0	0	44	"2 4"	0	1	0	1	0	0	0	0	0	"DO NOT LIMIT PRODUCTS ORDERED"
138037	"CSB1"	0		1	1	2	7	1	0	0	2	1	0	1	"GUARD"			1	0		1	7	1	3																			1	0	1	1	1	1	0	3	4	1	1	0													"3 5 6 7 9 13"	0	0	1	0	1	1	1	0	1	0	0	0	1	6	3	0		5	0		6	0		7	0		9	0		13	0			0			0	1	1			"1 2 3 4 5 7"	1	1	1	1	1	0	1	0	1							1							1											1	"1 3 4 5 6 7"	1	0	1	1	1	1	1	0	1	3		0	0	0		0		0	3		0	0	0		0		0	3	1	0			1	0			1	0			5	3		77	7									6	3		77	7	7	1	0			9	1	1	90	7	13	1	0												1	0			3		90	7	3		13	2	1	"1 2 3 4 5"	1	1	1	1	1	0	0	0	1	0			2	0			3	0			4	0				7	0										1	0			1	1	1	0			3		46	10		1	0			11	1	0			4	1	0			5	1	0			6	1	0			7	3		13	2	8	1	0			9	3		13	2	10	1	0			1	3		90	1	2	4				3	4				4				4				4				3		90	7	1	1	90	10	3		13	2	3		90	1	1	0															0																																																																									0	6	1	1	1	2024-08-13	1	1	3	1	1	1	1	1	0	0	5	0	1	1	2	3	1	1	1	0	0	0																																										0	3		88														1	"1 2 3 4 5 6 10 11 12 15 16 17 18 19 20 21 22 23 24 25 32 33 34 38 39 40 41 42 43 44 45 46"	1	1	1	1	1	1	0	0	0	1	1	1	0	0	1	1	1	1	1	1	1	1	1	1	1	0	0	0	0	0	0	1	1	1	0	0	0	1	1	1	1	1	1	1	1	1	0	0	0	0	0	0	0	0	0	0					0	0	0				0																				99							0	1	"44"	0	0	0	0	0	0	0	1	0	"ALL THE ISOLATED FACILITY SHOULD BENEFICIT FROM DRONE"
138042	"CSB2"	0		1	1	1	2	1	0	1	1	1	0	1	"GUARD"		1	1	1		1	2	1	2	"1 5 7"	1	0	0	0	1	0	1	0										0	1	1	1	1	1	1	3	5	0		0													"3 5 6 7 9"	0	0	1	0	1	1	1	0	1	0	0	0	0	5	3	0		5	0		6	0		7	0		9	0									0	1	1			"1 2 3 4 5 7"	1	1	1	1	1	0	1	0	1							1							1											0										1	11		0	0	0		0			0		0	0	0		0			3	1	0			1	0			1	0			5	3		38	7									6	3		38	7	7	1	1	60	7	9	3		38	7															1	0			4				1	0			1	"1 2 4 5"	1	1	0	1	1	0	0	0	1	0			2	0			4	0			7	0															1	0			1	1	3		38	7	1	0				1	0			11	1	0			4	1	0			5	1	0			6	1	0			7	1	0			8	1	0			9	1	0			10	1	0			1	3		38	10	2	4				3	4				4				4				4				3		7	1	3		90	10	3		7	1	1	0			1	0															0																																																																									1	3	1	1	1	2024-09-07	1	1	3	1	1	1	1	1	0	0	2	0	1	1	5	4	0				0	0																																										0	3		88														1	"1 2 5 6 10 11 12 38 39 40 41 42 43 44 45 46"	1	1	0	0	1	1	0	0	0	1	1	1	0	0	0	0	0	0	0	0	0	0	0	0	0	0	0	0	0	0	0	0	0	0	0	0	0	1	1	1	1	1	1	1	1	1	0	0	0	0	0	0	0	0	0	0					0	0	0				0																				1	"1"	1	0	0	0	0	0	1	"44"	0	0	0	0	0	0	0	1	0	"ALL THE ISOLATED FACILITY SHOULD BENEFICIT FROM DRONE"
138056	"CSB1"	0		1	1	1	2	1	0	1	1	1	0	1	"GUARD"		1	1	1		1	3	1	3																			0	0	1	1	0	1	0	3	5	1	1	0													"3 5 6 7 9"	0	0	1	0	1	1	1	0	1	0	0	0	0	5	3	0		5	0		6	0		7	0		9	0									0	1	1			"1 2 3 4 6 7"	1	1	1	1	0	1	1	0	1							1							1											0										1	0		0	0	0		0			0		0	0	0		0			3	3		90	7	1	0			1	0			5	3		90	7									6	3		90	7	7	3		90	7	9	3		90	1															1	0			1	0			1	0			1	"1 2 3 4 5 7"	1	1	1	1	1	0	1	0	1	0			2	0			3	0			4	0				7	0			6	0						1	0			1	1	1	0			1	0				1	0			11	1	0			4	1	0			5	1	0			6	1	0			7	1	0			8	1	0			9	1	0			10	1	0			1	4				2	4				3	4				4				4				4				1	0			3		90	10	1	0			1	0			1	0															0																																																																									0	6	1	1	0		1	0	0	1	1	1	1	1	0	1	3	0	1	1	4	4	1	1	1	0	0	0																																										0	3		88														0																																																														0	0	0				0																				1	"1"	1	0	0	0	0	0	5	"2 4"	0	1	0	1	0	0	0	0	0	"NO BENEFICIARY"
148031	"CSB2"	0		1	1	1	2	1	0	1	0	1	0	1	"GUARD"		1		0		1	2	1	3																			1	0	0					3	4	1	1	0													"3 5 6 7 9"	0	0	1	0	1	1	1	0	1	0	0	0	0	5	3	0		5	0		6	0		7	0		9	0									0	1	1			"1 2 3 4 5 6 7"	1	1	1	1	1	1	1	0	0	"1"	1	0	0	0	0	1							1											0										1	7		16	14	71		7			5		0	0	0		0			3	1	0			1	0			1	0			5	3		20	7									6	3		24	7	7	3		19	7	9	1	0																	3		90	1	1	0			1	0			1	"1 2 3 4 5"	1	1	1	1	1	0	0	0	1	0			2	0			3	0			4	0				7	0										3		30	7	1	1	1	0			1	0				1	0			11	1	0			4	1	0			5	1	0			6	1	0			7	1	0			8	1	0			9	1	0			10	1	0			1	3		90	7	2	4				3	4				4				4				4				1	0			3		90	10	1	0			1	0			1	0															0																																																																									0	6	1	1	1	2024-09-10	1	1	0	1	1	1	1	1	1	0	2	0	0	1	4	4	1	1	1	0	0	0																																										0	3		88														0																																																														0	0	0				0																				1	"1"	1	0	0	0	0	0	88	"2"	0	1	0	0	0	0	0	0	0	"ALL THE ISOLATED FACILITY SHOULD BENEFICIT FROM DRONE"
148055	"CSB1"	0		1	1	2	2	1	0	2	0	1	2	1	"GUARD"		1		0	0	1	2	1	3																			1	0	1	1	0	1	0	3	5	1	1	0													"3 5 6 7 9 13"	0	0	1	0	1	1	1	0	1	0	0	0	1	6	3	1	3000	5	0		6	0		7	0		9	0		13	0						0	1	1			"1 2 3 4 6 7"	1	1	1	1	0	1	1	0	1							1							1											0										1	0		0	0	0		0		0	0		0	0	0		0		0	3	3		53	7	2	0			2	0			5	3		90	7									6	3		50	7	7	3		60	7	9	1	0			13	1	0												1	0			3		90	7	1	0			1	"1 2 3 4 5 8"	1	1	1	1	1	0	0	1	1	0			2	0			3	0			4	0				7	0			8	0						1	0			1	1	1	0			1	0				1	0			11	1	0			4	1	0			5	1	0			6	1	0			7	1	0			8	1	0			9	1	0			10	1	0			1	3		90	1	2	3		90	1	3	3		90	1	4				4				4				2	0			3		90	1	1	0			4				1	0															1	2024-09-01	"44"	0	0	0	0	0	0	0	0	0	0	0	0	0	0	0	0	0	0	0	0	0	0	0	0	0	0	0	0	0	0	0	0	0	0	0	0	0	0	0	0	0	0	0	1	0	0	0	0	0	0	0	0	0	0	0	0	"2"	0	1	0	0	0		"2"	0	1	0	0	0	0	1	6	1	1	1	2024-08-15	1	1	3	1	1	1	1	1	1	1	2	1	1	1	4	3	1	1	1	0	0	0																																										0	99		1	"2 4 5 6 7"	1	0	1	1	1	1	0	0	0	0	0	0	1	"1 2 4 5 6 10 11 12 18 19 20 21 22 23 24 25 32 33 38 39 40 41 42 43 44 45 46"	1	1	0	1	1	1	0	0	0	1	1	1	0	0	0	0	0	1	1	1	1	1	1	1	1	0	0	0	0	0	0	1	1	0	0	0	0	1	1	1	1	1	1	1	1	1	0	0	0	0	0	0	0	0	0	0					0	0	0				0																				0							0	1	"2"	0	1	0	0	0	0	0	0	0	"ALL THE ISOLATED FACILITY SHOULD BENEFICIT FROM DRONE"
152009	"CSB1"	1	8	1	1	1	7	1	0	0	2	1	0	1	"GUARD"			1	0		1	3	1	3																			1	0	1	1	0	1	0	3	4	1	1	0													"3 5 6 7 9"	0	0	1	0	1	1	1	0	1	0	0	0	0	5	3	0		5	0		6	0		7	0		9	0									0	1	1			"1 2 3 4 6 7"	1	1	1	1	0	1	1	0	1							1							1											0										1	0		0	0	0		0			0		0	0	0		0			3	3		90	7	1	0			1	0			5	3		90	7									6	3		90	7	7	3		90	7	9	3		90	7															1	0			1	0			1	0			1	"1 2 3 4 5"	1	1	1	1	1	0	0	0	1	0			2	0			3	0			4	0				7	0										1	0			1	1	1	0			1	0				1	0			11	4				4	4				5	4				6	4				7	4				8	4				9	4				10	4				1	4				2	4				3	4				4				4				4				1	0			3		90	10	1	0			1	0			1	0															0																																																																									0	6	1	1	1	2024-09-22	1	1	0	1	1	1	1	1	0	0	5	0	1	1	3	4	0				1	1	4	1	2	1	"2"	0	1	0	0	0	0	"1 2 5 12"	1	1	0	0	1	0	0	0	0	0	0	1	0	0	0	0	"1 5 8"	1	0	0	0	1	0	0	1	0	0	0	0	1	1	1	1	"2"	1	0	0	0	0	0	0	0	0	0	0	0	1	"1 2 3 4 5 6 7 8 10 11 12 18 19 20 21 22 23 24 25 32 33 38 39 40 41 42 43 44 45"	1	1	1	1	1	1	1	1	0	1	1	1	0	0	0	0	0	1	1	1	1	1	1	1	1	0	0	0	0	0	0	1	1	0	0	0	0	1	1	1	1	1	1	1	1	0	0	0	0	0	0	0	0	0	0	0	1	"4"	0	0	0	1	0	0	0	0	0																				1	"1"	1	0	0	0	0	0	5	"2 4"	0	1	0	1	0	0	0	0	0	"LATE DELIVERY"
152030	"CSB2"	1	19	1	1	1	7	1	0	1	1	1	0	1	"GUARD"		0	1	0		1	3	1	3																			0	0	1	1	1	1	1	3	3	0		0													"3 5 6 7 9"	0	0	1	0	1	1	1	0	1	0	0	0	0	5	3	0		5	0		6	0		7	0		9	0									0	1	1			"1 2 3 4 6 7"	1	1	1	1	0	1	1	0	1							1							1											0										1	0		0	0	0		0			0		0	0	0		0			3	3		90	7	1	0			1	0			5	3		90	7									6	3		90	7	7	3		90	7	9	3		90	1															1	0			3		60	7	1	0			1	"1 2 3 4 5 7"	1	1	1	1	1	0	1	0	1	0			2	0			3	0			4	0				7	0			6	0						1	0			1	1	1	0			3		30	2		1	0			11	1	0			4	1	0			5	1	0			6	1	0			7	1	0			8	1	0			9	1	0			10	1	0			1	3		90	1	2	3		90	1	3	3		90	1	4				4				4				1	0			3		90	10	1	0			1	0			1	0															0																																																																									0	6	1	1	1	2024-09-20	1	1	1	1	1	1	1	1	0	0	3	0	1	1	2	2	1	1	1	0	1	1	20	1	2	0								"1 2"	1	1	0	0	0	0	0	0	0	0	0	0	0	0	0	0	"1"	1	0	0	0	0	0	0	0	0	0	0	0	1	1	1	1	"5"	0	0	0	1	0	0	0	0	0	0	0	0	1	"1 2 3 4 5 6 8 10 11 12 18 19 20 21 22 23 24 25 32 33 38 39 40 41 42 43 44 45"	1	1	1	1	1	1	0	1	0	1	1	1	0	0	0	0	0	1	1	1	1	1	1	1	1	0	0	0	0	0	0	1	1	0	0	0	0	1	1	1	1	1	1	1	1	0	0	0	0	0	0	0	0	0	0	0	1	"4"	0	0	0	1	0	0	0	0	0																				1	"1"	1	0	0	0	0	0	5	"2 4"	0	1	0	1	0	0	0	0	0	"DO NOT LIMIT PRODUCTS ORDERED"
223057	"CSB1"	1	7	2	2	1	2	1	0	2	1	1	0	0			2	0	0			3	1	2	"3"	0	0	1	0	0	0	0	0										1	0	0					3	4	1	1	0													"3 5 6 7 8 9 13"	0	0	1	0	1	1	1	1	1	0	0	0	1	7	3	0		5	0		6	0		7	0		8	0		9	0		13	0			0	1	1			"1 2 3 4 5 7"	1	1	1	1	1	0	1	0	0	"1 2"	1	1	0	0	0	1							1											0										1	0		0	5	0	0	0		0	0		0	0	0	0	0		0	3	3		30	2	2	0			2	0			5	1	0											6	1	0			7	1	0			8	3		15	2	9	1	0			13	3		30	2					3		90	7	3		90	2	1	0			1	"1 2 3 4 5 6"	1	1	1	1	1	1	0	0	1	0			2	0			3	0			4	0				7	0			5	0						1	0			1	0	3		16	10	3		20	2		1	0			11	1	0			4	1	0			5	1	0			6	1	0			7	1	0			8	1	0			9	1	0			10	1	0			1	3		15	1	2	4				3	4				4				4				3		90	2	3		30	2	3		30	2	1	0			1	0			1	0			180	3.0	180	3.0	180	3.0							0																																																																									1	6	1	1	0		1	0	2	0	1	1	1	1	0	1	2	1	1	1	3	4	1	1	1	0	1	1	3	0		0								"1 2 12"	1	1	0	0	0	0	0	0	0	0	0	1	0	0	0	0	"44"	0	0	0	0	0	0	0	0	0	0	1	0	0	2		1	"4 5"	0	0	1	1	0	0	0	0	0	0	0	0	1	"1 5 6 7 11 12 15 16 17 18 19 20 21 22 23 24 25"	1	0	0	0	1	1	1	0	0	0	1	1	0	0	1	1	1	1	1	1	1	1	1	1	1	0	0	0	0	0	0	0	0	0	0	0	0	0	0	0	0	0	0	0	0	0	0	0	0	0	0	0	0	0	0	0	1	"3"	0	0	1	0	0	0	0	0	0																				1	"1 2"	1	1	0	0	0	1	7	"7"	0	0	0	0	0	0	1	0	0	"QUANTITY DELIVERED DOES NOT CORRESPOND TO ORDER"
224005	"CSB2"	1	3	2	2	1	2	1	0	2	0	1	0	0			2		0			2	1	2	"3 4"	0	0	1	1	0	0	0	0										1	0	0					3	3	1	1	1	"5"	0	0	0	0	1	0	0	0	0	0		"3 5 6 7 9"	0	0	1	0	1	1	1	0	1	0	0	0	0	5	3	1	3000	5	1	2000	6	1	2000	7	0		9	0									0	1	1			"1 2 3 5 6 7"	1	1	1	0	1	1	1	0	1							1							1											0										1	0		42	110	11		0			0		3	4	0		0			3	1	1	90	1	1	1	90	1	1	1	90	1	5	1	1	90	2									6	1	1	90	2	7	1	1	60	2	9	1	0																	4				3		90	2	1	0			1	"1 2 3 4 5"	1	1	1	1	1	0	0	0	1	0			2	0			3	0			4	0				7	0										1	0			1	1	1	0			3		90	2		1	1	90	7	11	1	0			4	1	0			5	1	0			6	1	0			7	1	0			8	1	0			9	1	0			10	1	0			1	4				2	4				3	4				4				4				4				4				4				1	0			4				1	0			1440	24.0	4320	72.0	1440	24.0							0																																																																									1	6	1	1	0		1	0	2	1	1	1	1	1	1	0	5	0	0	1	3	3	1	1	1	0	1	1	1	0		0								"1 2"	1	1	0	0	0	0	0	0	0	0	0	0	0	0	0	0	"1 5"	1	0	0	0	1	0	0	0	0	0	0	0	1	1	1	0														1	"1 2 5 18 19 20 21 22 23 24 25 38 39 40 41"	1	1	0	0	1	0	0	0	0	0	0	0	0	0	0	0	0	1	1	1	1	1	1	1	1	0	0	0	0	0	0	0	0	0	0	0	0	1	1	1	1	0	0	0	0	0	0	0	0	0	0	0	0	0	0	0	1	"99"	0	0	0	0	0	1	0	0	1	"2"	0	1	0	0	0	0	0	0		"1 3 5"	1	0	1	0	1	0	0	0	1	"1 2"	1	1	0	0	0	0	2	"1"	1	0	0	0	0	0	0	0	0	"LATE DELIVERY"
224017	"CSB1"	1	5	2	2	2	7	1	0	1	1	1	0	0			0	1	0			3	0	3																			1	0	0					3	5	0		0													"3 5 6 7 9 13"	0	0	1	0	1	1	1	0	1	0	0	0	1	6	3	0		5	0		6	0		7	0		9	0		13	0						0	1	1			"1 2 3"	1	1	1	0	0	0	0	0	1							1							0	1										0										1	4			11	5								9						3	3		13	2	3		13	2	3		90	7	5	3		90	7									6	3		13	2	7	1	0			9	3		90	7	13	3		45	2										3		90	7	3		90	2	1	0			1	"2 3 4"	0	1	1	1	0	0	0	0	2	0			3	0			4	0																			1	0			1	1	3		90	10	3		30	1		1	0			11	3		8	2	4	1	0			5	1	0			6	1	0			7	1	0			8	1	0			9	1	0			10	1	0			1	3		30	1	2	3		90	1	3	3		90	1	4				4				4				3		90	7	3		90	7	1	0			1	0			1	0			480	8.0	600	10.0	480	8.0							0																																																																									0	6	1	1	0		1	1	3	1	1	1	1	1	1	0	5	1	0	1	2	2	1	1	1	0	1	1	1	0		0								"1 2 4"	1	1	0	1	0	0	0	0	0	0	0	0	0	0	0	0	"8"	0	0	0	0	0	0	0	1	0	0	0	0	1	2		1	"2 4 5 6"	1	0	1	1	1	0	0	0	0	0	0	0	1	"1 2 3 4 5 6 7 8 10 11 12 15 16 17 18 19 20 21 22 23 24 25 26 27 28 29 30 31 32 33 34 38 39 40 41 42 43 44 45 46"	1	1	1	1	1	1	1	1	0	1	1	1	0	0	1	1	1	1	1	1	1	1	1	1	1	1	1	1	1	1	1	1	1	1	0	0	0	1	1	1	1	1	1	1	1	1	0	0	0	0	0	0	0	0	0	0	1	"3"	0	0	1	0	0	0	0	0	0																				1	"1 2"	1	1	0	0	0	0	1	"1"	1	0	0	0	0	0	0	0	0	"SIMPLIFY THE ORDERING PROCESS"
224041	"CSB1"	0		2	2	2	7	1	0	0	2	1	0	0				1	1			3	1	1	"1 4 7"	1	0	0	1	0	0	1	0										0	0	0					3	3	0		0													"5 6 7 8 13"	0	0	0	0	1	1	1	1	0	0	0	0	1	5	5	0		6	0		7	0		8	0		13	0									0																																							0										1			3									3							5	1	0											6	1	0											7	1	0			8	3		90	99	13	1	0																	3		60	7	3		90	7	1	0			1	"1 2 3 4 5"	1	1	1	1	1	0	0	0	1	0			2	0			3	0			4	0				7	0										1	0			1	1	1	0			1	0				1	0			11	2	0			4	2	0			5	2	0			6	2	0			7	2	0			8	2	0			9	2	0			10	2	0			1	4				2	4				3	4				3		60	7	3		90	7	1	0			3		30	2	3		15	2	1	0			1	0			1	0			1440	24.0	2880	48.0	1440	24.0							0																																																																									0	6	1	1	0		1	0	1	1	0	1	1	1	0	1	2	0	1	1	5	5	0				0	0																																										0	3		1	"2 4 6"	1	0	1	0	1	0	0	0	0	0	0	0	0																																																														0	0	0				0																				0							0	1	"44"	0	0	0	0	0	0	0	1	0	"ALL THE ISOLATED FACILITY SHOULD BENEFICIT FROM DRONE"
240019	"CSB2"	0		2	2	1	7	1	0	1	2	1	0	0			1	2	1			7	1	3																			1	0	0					3	4	0		1	"1"	1	0	0	0	0	0	0	0	0	0		"3 5 6 7 8 9 13"	0	0	1	0	1	1	1	1	1	0	0	0	1	7	3	0		5	0		6	0		7	0		8	0		9	0		13	0			0	1	1			"2 3 4 5"	0	1	1	1	1	0	0	0	1							1							1											0										1			63	42								18	3						3	1	1	60	7	3		90	7	3		90	7	5	1	1	30	7									6	1	0			7	3		90	7	8	3		90	7	9	1	1	60	7	13	1	0							4				1	1	82	99	1	0			1	"1 2 3 4 5 6"	1	1	1	1	1	1	0	0	1	0			2	0			3	0			4	0				7	0			5	1	60	77	"THE USE OF INJECTABLE ARTESUNATE WAS PROHIBITED AT CSB; THIS BAN WAS RECENTLY LIFTED"			1	0			0	1	1	1	85	7	1	1	85	7		1	0			11	1	0			4	1	0			5	1	0			6	1	0			7	1	0			8	1	0			9	1	0			10	1	0			1	1	0			2	4				3	4				3		90	99	4				1	0			1	0			4				1	0			1	0			3		85	7	240	4.0	300	5.0	240	4.0	60	1.0	120	2.0	60	1.0	0																																																																									0	6	1	1	0		0	0	1	1	1	1	1	1	1	1	2	0	1	1	4	4	1	1	1	0	0	0																																										0	3		1	"2 5 6"	1	0	0	1	1	0	0	0	0	0	0	0	0																																																														0	0	0				0																				1	"1 2"	1	1	0	0	0	0	1	"44"	0	0	0	0	0	0	0	1	0	"COMMUNICATION PROBLEM WITH RECIPIENT"
240020	"CSB1"	1	2	2	2	1	7	1	0	0	2	1	0	0				2	1			3	0	1	"1 5 7"	1	0	0	0	1	0	1	0										0	0	0					3	4	0		1	"3"	0	0	1	0	0	0	0	0	0	0		"3 5 6 7 8 9 13"	0	0	1	0	1	1	1	1	1	0	0	0	1	7	3	0		5	0		6	0		7	0		8	0		9	0		13	0			0	1	1			"1 2 3 7"	1	1	1	0	0	0	1	0	1							0	"4"	0	0	0	1	0	0	1										0										1			6	10								2	5						3	3		90	7	3		90	7	3		90	7	5	1	0											6	1	0			7	3		60	7	8	3		60	7	9	1	0			13	1	0							1	0			3		30	7	1	0			1	"2 3 5"	0	1	1	0	1	0	0	0	2	0			3	0			7	0																			1	0			1	1	1	0			3		30	2		1	0			11	1	0			4	1	0			5	1	0			6	1	0			7	1	0			8	1	0			9	1	0			10	1	0			1	3		90	1	2	4				3	4				4				4				3		90	7	1	0			3		90	7	1	0			1	0			1	0			360	6.0	540	9.0	360	6.0							0																																																																									1	6	1	1	1	2024-10-27	1	0	1	1	0	1	1	1	1	1	2	0	0	1	3	3	1	1	1	0	1	1	1	0		0								"1"	1	0	0	0	0	0	0	0	0	0	0	0	0	0	0	0	"1"	1	0	0	0	0	0	0	0	0	0	0	0	1	3		1	"5 6"	0	0	0	1	1	0	0	0	0	0	0	0	1	"1 2 3 4 5 6 7 8 9 10 11 12 13 14 15 16 17 18 19 20 21 22 23 24 25 26 27 28 29 30 31 32 33 34 37 39 40 41 42 43 44 45 46 47 48 49 50 51 52 53 54 55 56"	1	1	1	1	1	1	1	1	1	1	1	1	1	1	1	1	1	1	1	1	1	1	1	1	1	1	1	1	1	1	1	1	1	1	0	0	1	0	1	1	1	1	1	1	1	1	1	1	1	1	1	1	1	1	1	1	1	"99"	0	0	0	0	0	1	0	0	0																				0							0	1	"2"	0	1	0	0	0	0	0	0	0	"LATE DELIVERY"
241068	"CSB1"	0		2	2	2	7	1	0	1	1	1	0	0			0	1	1			3	1	2	"3 4"	0	0	1	1	0	0	0	0										1	0	0					3	4	0		1	"1"	1	0	0	0	0	0	0	0	0	0		"3 5 6 7 9 13"	0	0	1	0	1	1	1	0	1	0	0	0	1	6	3	0		5	0		6	0		7	0		9	0		13	0						0	1	1			"1 2 3 4 7"	1	1	1	1	0	0	1	0	0	"1 2"	1	1	0	0	0	1							1											0										1			14	11								1	5						3	3		70	2	1	1	70	2	1	1	70	2	5	1	1	7	2									6	1	0			7	1	0			9	1	0			13	1	0												4				1	0			1	0			1	"1 2 3 5"	1	1	1	0	1	0	0	0	1	0			2	0			3	0			7	1	60	2													1	0			1	1	1	0			3		30	1		1	0			11	2	0			4	2	0			5	2	0			6	2	0			7	2	0			8	2	0			9	2	0			10	2	0			1	3		90	1	2	3		90	1	3	4				4				1	0			3		90	10	1	0			1	0			1	0			1	0			1	1	84	99	720	12.0	4320	72.0	720	12.0							0																																																																									0	6	1	1	0		1	0	1	1	1	1	1	1	0	1	5	0	0	1	2	2	0				0	0																																										0	3		1	"2 6"	1	0	0	0	1	0	0	0	0	0	0	0	1	"15 16 17 18 19 20 21 22 23 24 25"	0	0	0	0	0	0	0	0	0	0	0	0	0	0	1	1	1	1	1	1	1	1	1	1	1	0	0	0	0	0	0	0	0	0	0	0	0	0	0	0	0	0	0	0	0	0	0	0	0	0	0	0	0	0	0	0					0	0	0				0																				1	"1 2"	1	1	0	0	0	0	1	"4"	0	0	0	1	0	0	0	0	0	"RELEASE POINT PROBLEM"
241078	"CSB1"	0		2	2	2	3	1	0	1	1	1	0	0			0	0	1			2	1	1	"1 3"	1	0	1	0	0	0	0	0										1	0	0					3	5	0		0													"3 5 6 7 9 13"	0	0	1	0	1	1	1	0	1	0	0	0	1	6	3	0		5	0		6	0		7	0		9	0		13	0						0	1	1			"1 2 7"	1	1	0	0	0	0	1	0	1							0	"4"	0	0	0	1	0	0	1										0										0																			3	3		90	7	3		90	7	3		90	7	5	3		30	2									6	1	1	30	2	7	3		90	7	9	1	0			13	1	0												3		90	2	3		90	7	3		90	2	3																																						1	0			1	1	3		90	2	3		90	7		1	0			11	2	0			4	2	0			5	2	0			6	2	0			7	2	0			8	2	0			9	2	0			10	2	0			1	3		90	1	2	3		90	1	3	3		90	1	4				4				3		90	10	1	0			3		90	10	1	0			3		60	2	1	0			900	15.0	2880	48.0	900	15.0							0																																																																									0	6	1	1	0		1	0	2	1	0	1	1	1	0	0	5	0	0	1	2	2	0				0	0																																										0	3		1	"2 4 5 6"	1	0	1	1	1	0	0	0	0	0	0	0	1	"1 2 3 4 5 6 8 10 11 12 15 16 17 18 19 20 21 22 23 24 25 26 27 32 33 34"	1	1	1	1	1	1	0	1	0	1	1	1	0	0	1	1	1	1	1	1	1	1	1	1	1	1	1	0	0	0	0	1	1	1	0	0	0	0	0	0	0	0	0	0	0	0	0	0	0	0	0	0	0	0	0	0					0	0	0				0																				1	"1 2"	1	1	0	0	0	0	1	"44"	0	0	0	0	0	0	0	1	0	"ALL THE ISOLATED FACILITY SHOULD BENEFICIT FROM DRONE"
241079	"CSB2"	1	2	2	2	1	7	1	0	2	1	1	0	0			2	1	0			3	1	2	"1 7"	1	0	0	0	0	0	1	0										0	0	0					3	4	0		0													"3 5 6 7 9 13"	0	0	1	0	1	1	1	0	1	0	0	0	1	6	3	0		5	0		6	0		7	0		9	0		13	0						0	1	1			"1 2 3 7"	1	1	1	0	0	0	1	0	1							1							1											0										1	1		16	23						1		7	3						3	3		60	7	3		90	7	3		90	7	5	1	0											6	1	0			7	1	0			9	3		7	2	13	1	0												3		90	7	3		30	10	1	0			1	"1 2 3 4 5"	1	1	1	1	1	0	0	0	1	0			2	0			3	0			4	0				7	0										1	0			1	1	1	0			1	0				1	0			11	1	0			4	1	0			5	1	0			6	1	0			7	1	0			8	1	0			9	1	0			10	1	0			1	3		90	1	2	3		90	1	3	3		90	1	1	0			3		90	1	3		90	7	3		7	2	3		90	7	1	0			3		30	2	1	1	80	7	1020	17.0	4320	72.0	1020	17.0							0																																																																									0	6	1	1	0		1	0	1	0	1	1	1	1	0	0	5	1	0	1	2	2	1	1	1	0	1	1	1	0		0								"12"	0	0	0	0	0	0	0	0	0	0	0	1	0	0	0	0	"2 5"	0	1	0	0	1	0	0	0	0	0	0	0	0	3		1	"2 5"	1	0	0	1	0	0	0	0	0	0	0	0	1	"1 2 3 4 5 6 7 10 11 12 15 16 17 18 19 20 21 22 23 24 25 38 39 40 41 42 43 44 45 46"	1	1	1	1	1	1	1	0	0	1	1	1	0	0	1	1	1	1	1	1	1	1	1	1	1	0	0	0	0	0	0	0	0	0	0	0	0	1	1	1	1	1	1	1	1	1	0	0	0	0	0	0	0	0	0	0	0				0	0	0				0																				1	"1 2"	1	1	0	0	0	0	7	"1 4 5"	1	0	0	1	1	0	0	0	0	"LATE DELIVERY"
241086	"CSB1"	1	2	2	2	1	2	1	0	2	0	1	0	0			2		1			2	1	3																			1	0	0					3	4	0		1	"4 5"	0	0	0	1	1	0	0	0	0	1	3	"3 5 6 7 9"	0	0	1	0	1	1	1	0	1	0	0	0	0	5	3	1	2000	5	0		6	0		7	0		9	0									0	1	1			"1 2 3 4 5 6 7"	1	1	1	1	1	1	1	0	1							1							1											0										1	32		141	44	60		9			0		3	5	0		0			3	3		60	7	3		60	7	3		60	7	5	1	0											6	1	0			7	3		30	7	9	3		60	2															4				1	0			1	0			1	"1 2 3 4 5"	1	1	1	1	1	0	0	0	1	0			2	0			3	0			4	0				7	0										1	0			1	1	1	0			1	0				1	0			11	1	0			4	1	0			5	1	0			6	1	0			7	1	0			8	1	0			9	1	0			10	1	0			1	3		90	7	2	3		90	7	3	3		90	7	1	0			4				3		30	2	1	0			4				1	0			3		30	2	1	0			3600	60.0	4320	72.0	3600	60.0							0																																																																									1	6	1	1	0		1	0	1	1	1	1	1	1	1	1	5	0	0	1	1	3	0				1	1	1	0		0								"1 2 4 11"	1	1	0	1	0	0	0	0	0	0	1	0	0	0	0	0	"5 6 7 8"	0	0	0	0	1	1	1	1	0	0	0	0	0	2		1	"2 4 5"	1	0	1	1	0	0	0	0	0	0	0	0	1	"1 2 5 10 11 12 18 19 20 21 22 23 24 25"	1	1	0	0	1	0	0	0	0	1	1	1	0	0	0	0	0	1	1	1	1	1	1	1	1	0	0	0	0	0	0	0	0	0	0	0	0	0	0	0	0	0	0	0	0	0	0	0	0	0	0	0	0	0	0	0	1	"88"	0	0	0	0	0	0	1	0	1	"2 3"	0	1	1	0	0	0	0	0		"1 2 3 4 5"	1	1	1	1	1	0	0	0	1	"1 2"	1	1	0	0	0	0	2	"1 5"	1	0	0	0	1	0	0	0	0	"TRAINING FOR ALL STAFF/INCLUD OTHER MEDICATION"
242067	"CSB2"	0		2	2	1	2	1	0	2	0	1	0	0			2		1			3	1	2	"1 7"	1	0	0	0	0	0	1	0										1	0	0					3	4	0		1	"1 3"	1	0	1	0	0	0	0	0	0	0		"3 5 6 7 9 13"	0	0	1	0	1	1	1	0	1	0	0	0	1	6	3	1	1000	5	0		6	0		7	0		9	0		13	0						0	1	1			"2 3 4 5"	0	1	1	1	1	0	0	0	1							1							1											0										1	4		16		3		5		1			2							3	1	1	30	7	3		90	7	3		90	7	5	1	0											6	3		90	7	7	1	0			9	1	1	60	7	13	1	1	85	2										4				3		90	7	1	0			1	"2 3 4 5"	0	1	1	1	1	0	0	0	2	0			3	0			4	1	10	2	7	0															1	0			1	1	1	0			3		90	7		1	0			11	1	0			4	1	0			5	1	0			6	1	0			7	1	0			8	1	0			9	1	0			10	1	0			1	3		90	1	2	3		90	1	3	3		90	1	4				4				3		90	7	1	0			4				1	0			3		10	2	3		85	7	300	5.0	360	6.0	300	5.0							0																																																																									1	6	1	1	1	2024-09-19	1	1	2	1	0	1	1	0	1	1	3	0	0	1	2	3	1	1	1	0	0	0																																										0	3		1	"4 5"	0	0	1	1	0	0	0	0	0	0	0	0	1	"15 16 17 18 19 20 21 22 23 24 25 26 27 32 33 34"	0	0	0	0	0	0	0	0	0	0	0	0	0	0	1	1	1	1	1	1	1	1	1	1	1	1	1	0	0	0	0	1	1	1	0	0	0	0	0	0	0	0	0	0	0	0	0	0	0	0	0	0	0	0	0	0					0	0	0				0																				1	"2"	0	1	0	0	0	0	1	"2 7"	0	1	0	0	0	0	1	0	0	"TRAINING FOR ALL STAFF"
249071	"CSB1"	0		2	2	2	7	1	0	2	1	1	0	0			1	1	0			2	1	3																			1	0	0					3	4	1	1	0													"3 5 6 7 9 13"	0	0	1	0	1	1	1	0	1	0	0	0	1	6	3	0		5	0		6	0		7	0		9	0		13	0						0	1	1			"1 2 3 7"	1	1	1	0	0	0	1	0	1							0	"3 4"	0	0	1	1	0	0	1										0										1																			3	3		90	7	3		90	7	3		90	7	5	1	1	70	7									6	1	1	70	7	7	1	1	70	7	9	3		90	7	13	3		90	7										4				3		15	7	1	1	7	4	1	"1 2 3 4"	1	1	1	1	0	0	0	0	1	0			2	0			3	0			4	0															1	0			1	1	1	0			1	1	20	1		1	0			11	2	0			4	2	0			5	2	0			6	2	0			7	2	0			8	2	0			9	2	0			10	2	0			1	3		90	1	2	3		90	1	3	3		90	1	1	0			4				3		90	7	1	0			3		90	7	1	0			1	0			1	0			600	10.0	720	12.0	600	10.0							0																																																																									1	6	1	1	0		1	0	1	1	0	1	1	1	1	1	2	1	1	1	3	3	0				0	0																																										0	99		1	"2 4 5 6"	1	0	1	1	1	0	0	0	0	0	0	0	1	"1 2 3 4 5 6 10 11 12 15 16 17 18 19 20 21 22 23 24 25 38 39 40 41 42 43 44 45 46"	1	1	1	1	1	1	0	0	0	1	1	1	0	0	1	1	1	1	1	1	1	1	1	1	1	0	0	0	0	0	0	0	0	0	0	0	0	1	1	1	1	1	1	1	1	1	0	0	0	0	0	0	0	0	0	0					0	0	0				0																				1	"1 2"	1	1	0	0	0	0	7	"7"	0	0	0	0	0	0	1	0	0	"LATE DELIVERY"
249073	"CSB1"	1	2	2	2	1	7	1	0	0	1	1	0	0				1	1			7	1	2	"1 7"	1	0	0	0	0	0	1	0										0	0	0					3	4	1	1	0													"3 5 6 7 8 9 13"	0	0	1	0	1	1	1	1	1	0	0	0	1	7	3	0		5	1	3000	6	1	3000	7	1	500	8	0		9	0		13	0			0	1	1			"7"	0	0	0	0	0	0	1	0	1							1							1											0										1			5									3							3	3		90	7	3		90	7	1	1	90	7	5	3		30	4									6	3		30	4	7	3		30	4	8	3		90	7	9	3		90	7	13	3		90	2					4				3		90	2	1	0			1	"2 3 4 5"	0	1	1	1	1	0	0	0	2	0			3	0			4	0			7	0															1	0			0	1	3		90	2	3		90	2		1	0			11	3		80	8	4	3		80	8	5	3		80	8	6	1	1	85	8	7	3		80	8	8	1	1	85	8	9	3		85	8	10	3		90	8	1	3		90	1	2	3		90	1	3	3		90	1	4				4				3		90	2	4				3		90	2	1	0			3		90	2	4				300	5.0	420	7.0	300	5.0	420	7.0					1	2024-07-01	"11"	0	0	0	0	0	0	0	0	0	0	1	0	0	0	0	0	0	0	0	0	0	0	0	0	0	0	0	0	0	0	0	0	0	0	0	0	0	0	0	0	0	0	0	0	0	0	0	0	0	0	0	0	0	0	0	0	"1"	1	0	0	0	0		"1"	1	0	0	0	0	0	0	6	1	1	1	2024-09-30	1	0	2	1	1	1	1	1	1	1	2	1	0	1	2	3	0				1	1	1	1	2	0								"1"	1	0	0	0	0	0	0	0	0	0	0	0	0	0	0	0	"44"	0	0	0	0	0	0	0	0	0	0	1	0	1	1	2	1	"4"	0	0	1	0	0	0	0	0	0	0	0	0	1	"1 2 3 4 5 6 7 11 18 19 20 21 22 23 24 25"	1	1	1	1	1	1	1	0	0	0	1	0	0	0	0	0	0	1	1	1	1	1	1	1	1	0	0	0	0	0	0	0	0	0	0	0	0	0	0	0	0	0	0	0	0	0	0	0	0	0	0	0	0	0	0	0	1	"2"	0	1	0	0	0	0	0	0	0																				1	"1 2"	1	1	0	0	0	1	1	"2"	0	1	0	0	0	0	0	0	0	"SYSTEMATIC MONTHLY DELIVERY"
249087	"CSB2"	1	2	2	2	2	7	1	0	2	1	1	0	0			0	1	0			2	1	1	"5 7"	0	0	0	0	1	0	1	0										0	0	1	1	1	1	0	3	4	0		1	"1"	1	0	0	0	0	0	0	0	0	0		"3 5 6 7 9 13"	0	0	1	0	1	1	1	0	1	0	0	0	1	6	3	0		5	0		6	0		7	0		9	0		13	0						0	1	1			"1 2 3 7"	1	1	1	0	0	0	1	0	1							0	"3 4"	0	0	1	1	0	0	1										0										1																			3	3		90	2	3		90	2	3		90	2	5	1	1	84	7									6	1	1	84	7	7	1	1	84	7	9	3		90	2	13	1	0												4				3		14	4	1	0			1	"1 2 3 4 5"	1	1	1	1	1	0	0	0	1	0			2	0			3	0			4	0				7	1	30	7								1	0			1	1	3		60	7	3		60	7		1	0			11	1	0			4	1	0			5	1	0			6	1	0			7	1	0			8	1	0			9	1	0			10	1	0			1	3		90	1	2	4				3	4				1	0			3		90	1	3		90	7	3		30	1	3		30	7	1	1	7	2	1	0			3		90	7	360	6.0	480	8.0	360	6.0							0																																																																									0	6	1	1	0		1	0	1	1	0	1	1	1	0	1	2	1	1	1	4	4	1	1	1	0	1	1	1	0		0								"2"	0	1	0	0	0	0	0	0	0	0	0	0	0	0	0	0	"44"	0	0	0	0	0	0	0	0	0	0	1	0	1	2		1	"5 6"	0	0	0	1	1	0	0	0	0	0	0	0	1	"1 4 5 6 11 18 19 20 21 22 23 24 25 38 39 40 41 42 43 44 45 46"	1	0	0	1	1	1	0	0	0	0	1	0	0	0	0	0	0	1	1	1	1	1	1	1	1	0	0	0	0	0	0	0	0	0	0	0	0	1	1	1	1	1	1	1	1	1	0	0	0	0	0	0	0	0	0	0	1	"3"	0	0	1	0	0	0	0	0	0																				1	"1 2"	1	1	0	0	0	0	1	"4"	0	0	0	1	0	0	0	0	0	"INCLUD OTHER MEDICATION"
249107	"CSB1"	0		2	2	1	2	1	0	1	1	1	0	0			1	1	1			2	1	2	"1 7"	1	0	0	0	0	0	1	0										1	0	0					3	4	1	1	1	"3"	0	0	1	0	0	0	0	0	0	0		"3 5 6 7 9 13"	0	0	1	0	1	1	1	0	1	0	0	0	1	6	3	0		5	0		6	0		7	0		9	0		13	0						0	1	1			"1 2 3 4 6 7"	1	1	1	1	0	1	1	0	1							1							1											1	"3 4"	0	0	1	1	0	0	0	0	1	1		40	52	6					1		2	3						3	3		30	2	1	0			1	0			5	1	1	30	2									6	1	1	30	2	7	1	0			9	1	0			13	1	0												3		90	7	1	1	7	2	1	0			1	"1 2 3 4 5"	1	1	1	1	1	0	0	0	1	0			2	0			3	0			4	0				7	0										1	0			1	1	1	1	30	2	1	1	30	77	"NOT ENOUGH TEAM MEMBERS AVAILABLE TO OBTAIN PRODUCT FROM THE SUPPLIER (PHAGDIS)"	1	0			11	3		15	2	4	1	0			5	1	0			6	1	0			7	1	0			8	1	0			9	1	0			10	1	0			1	3		60	10	2	3		90	1	3	3		90	1	3		30	7	3		30	7	3		90	7	4				3		90	7	1	1	10	2	1	0			3		90	7	300	5.0	420	7.0	300	5.0							0																																																																									1	6	1	1	0		1	0	0	1	1	1	1	1	1	1	2	1	1	1	5	5	1	1	1	0	0	0																																										0	2		1	"5 6"	0	0	0	1	1	0	0	0	0	0	0	0	1	"1 6 10 11 12 15 16 17 18 19 20 21 22 23 24 25 38 39 40 41 42 43 44 45"	1	0	0	0	0	1	0	0	0	1	1	1	0	0	1	1	1	1	1	1	1	1	1	1	1	0	0	0	0	0	0	0	0	0	0	0	0	1	1	1	1	1	1	1	1	0	0	0	0	0	0	0	0	0	0	0					0	0	0				0																				1	"1 2"	1	1	0	0	0	0	1	"44"	0	0	0	0	0	0	0	1	0	"NO BENEFICIARY"
305013	"CSB1"	0		2	3	2	7	1	0	1	1	1	0	0			0	1	1			2	1	2	"1 5 7"	1	0	0	0	1	0	1	0										0	0	0					3	4	0		0													"3 5 6 7 8 9 10 13"	0	0	1	0	1	1	1	1	1	1	0	0	1	8	3	0		5	0		6	0		7	0		8	0		9	0		10	0	13	0	0	1	1			"1 2 3 4 5 6"	1	1	1	1	1	1	0	0	1							1							1											0										1	10		21	19	50	0	0	0	0	5		8	7	30	0	0	0	0	3	1	0			1	0			1	0			5	1	1	15	5									6	1	0			7	1	0			8	3		90	7	9	1	0			10	3		90	7	13	3	90	7	1	0			3		7	10	1	0			1	"1 4 5"	1	0	0	1	1	0	0	0	1	0			4	0			7	0																			1	0			1	1	1	0			3		30	7		1	0			11	3		22	7	4	1	0			5	1	0			6	1	0			7	1	0			8	1	0			9	3		30	7	10	1	0			1	3		90	7	2	3		90	7	3	3		90	7	1	0			1	0			3		7	3	1	0			3		3	3	1	0			1	0			1	0			780	13.0	1440	24.0	720	12.0							0																																																																									0	6	1	1	0		1	0	3	1	1	1	1	1	1	1	5	0	1	1	4	4	1	1	0	1	99	1	1	0		0								"99"	0	0	0	0	0	0	0	0	0	0	0	0	0	0	0	1	"99"	0	0	0	0	0	0	0	0	0	0	0	1	0	3		1	"2 4 5 6"	1	0	1	1	1	0	0	0	0	0	0	0	0																																																										1	"99"	0	0	0	0	0	1	0	0	0																				0							99	1	"44"	0	0	0	0	0	0	0	1	0	"NONE"
305034	"CSB1"	0		2	3	2	2	1	0	3	0	1	0	0			1		1			2	1	2	"1 7"	1	0	0	0	0	0	1	0										0	0	0					3	5	0		0													"3 5 6 7 9 13"	0	0	1	0	1	1	1	0	1	0	0	0	1	6	3	1	2000	5	1	500	6	1	500	7	1	500	9	0		13	0						0	1	1			"1 2 3 4 6 7"	1	1	1	1	0	1	1	0	0	"3"	0	0	1	0	0	1							1											0										1	0		0	6	0		0		0	0		0	4	0		0		0	3	3		75	99	3		75	99	1	0			5	3		90	5									6	1	0			7	3		90	7	9	1	0			13	1	0												3		14	3	3		7	99	1	0			1	"1 2 3 4 5 6"	1	1	1	1	1	1	0	0	1	0			2	0			3	0			4	0				7	0			5	0						1	0			1	1	1	0			3		90	10		1	0			11	1	0			4	1	0			5	1	0			6	1	0			7	1	0			8	1	0			9	1	0			10	1	0			1	3		90	7	2	3		90	7	3	3		90	7	3		90	5	3		90	5	1	0			1	0			4				1	0			1	0			1	0			840	14.0	900	15.0	840	14.0							0																																																																									0	6	1	1	0		1	0	3	1	1	1	1	1	1	0	5	0	1	1	4	4	1	1	0	1	1	1	4	0		0								"13"	0	0	0	0	0	0	0	0	0	0	0	0	1	0	0	0	"1 2"	1	1	0	0	0	0	0	0	0	0	0	0	99	3		1	"5 6 7"	0	0	0	1	1	1	0	0	0	0	0	0	1	"1 2 3 4 5 6 7 8 10 11 12 13 14 18 19 20 21 22 23 24 25 26 27 28 29 30 31 32 33 34"	1	1	1	1	1	1	1	1	0	1	1	1	1	1	0	0	0	1	1	1	1	1	1	1	1	1	1	1	1	1	1	1	1	1	0	0	0	0	0	0	0	0	0	0	0	0	0	0	0	0	0	0	0	0	0	0	1	"99"	0	0	0	0	0	1	0	0	0																				1	"1 2"	1	1	0	0	0	1	1	"44"	0	0	0	0	0	0	0	1	0	"INCLUD OTHER MEDICATION"
305043	"CSB2"	1	64	2	3	1	2	1	0	2	0	1	0	0			2		1			2	0	4										"1 3"	1	0	1	0	0	0	0	0	1	0	1	1	0	1	0	2	4	0		0													"3 5 6 7"	0	0	1	0	1	1	1	0	0	0	0	0	0	4	3	0		5	0		6	0		7	0												0	1	1			"1 2 3 4"	1	1	1	1	0	0	0	0	0	"3"	0	0	1	0	0	1							1											1	"1 2 3 4 5 6 7 8"	1	1	1	1	1	1	1	1	1	0		0	0	0					0		0	0	0					3	3		60	2	3		60	2	3		60	2	5	3		60	2									6	3		60	2	7	3		60	2																				1	0			3		90	7	1	0			1	"1 4 5"	1	0	0	1	1	0	0	0	1	0			4	0			7	0																			1	0			1	1	1	0			1	0				1	0			11	1	0			4	1	0			5	1	0			6	1	0			7	1	0			8	1	0			9	1	0			10	1	0			1	3		90	7	2	3		90	7	3	3		90	7	1	1	60	7	1	0			3		90	7	1	0			3		60	7	1	0			1	0			1	0			1440	24.0	2880	48.0	1440	24.0							0																																																																									1	6	1	1	1	2024-09-16	1	1	3	1	1	1	1	1	1	0	2	0	1	1	4	4	1	2	1	1	1	1	60	1	1	0								"6 9"	0	0	0	0	0	1	0	0	1	0	0	0	0	0	0	0	"3"	0	0	1	0	0	0	0	0	0	0	0	0	1	1	1	1	"7"	0	0	0	0	0	1	0	0	0	0	0	0	1	"1 2 3 4 5 11 18 19 20 21 22 23 24 25 26 27 28 29 30 31 32 33 38 39 40 41 43"	1	1	1	1	1	0	0	0	0	0	1	0	0	0	0	0	0	1	1	1	1	1	1	1	1	1	1	1	1	1	1	1	1	0	0	0	0	1	1	1	1	0	1	0	0	0	0	0	0	0	0	0	0	0	0	0	1	"1"	1	0	0	0	0	0	0	0	0																				0							1	6	"44"	0	0	0	0	0	0	0	1	0	"INSUFFICIENT NUMBER OF DRONES"
305044	"CSB1"	1	39	2	3	1	7	1	0	2	1	2	0	0			2	1	2			7	0	2	"7"	0	0	0	0	0	0	1	0										1	0	0					3	4	0		0													"3 5 6 7"	0	0	1	0	1	1	1	0	0	0	0	0	0	4	3	0		5	0		6	0		7	0												0	1	1			"1 2 3 4 5 6 7"	1	1	1	1	1	1	1	0	1							1							1											1	"1 2 3 4 5 6 7 8"	1	1	1	1	1	1	1	1	1	2		30	5	0					2		3	0	0					3	1	0			1	0			1	0			5	3		30	7									6	1	0			7	3		90	7																				4				3		30	7	1	0			1	"1 4 5 6"	1	0	0	1	1	1	0	0	1	0			4	0			7	0			5	0															1	0			1	1	1	0			3		15	2		1	0			11	3		15	7	4	1	0			5	1	0			6	1	0			7	1	0			8	1	0			9	1	0			10	1	0			1	3		90	7	2	3		90	7	3	3		90	7	4				4				3		90	7	1	0			4				1	0			1	0			1	0			1080	18.0	1440	24.0	1080	18.0							0																																																																									1	5	1	1	0		1	0	3	1	1	1	1	1	1	1	5	0	1	1	3	4	1	1	1	0	1	1	10	0		1	"1 4"	1	0	0	1	0	0	"5 6"	0	0	0	0	1	1	0	0	0	0	0	0	0	0	0	0	"3"	0	0	1	0	0	0	0	0	0	0	0	0	1	1	1	1	"5"	0	0	0	1	0	0	0	0	0	0	0	0	1	"1 2 3 4 5 8 10 11 12 18 19 20 21 22 23 24 25 26 27 28 29 30 31 32 33 34 38 39 40 41 42 43 44 45 46"	1	1	1	1	1	0	0	1	0	1	1	1	0	0	0	0	0	1	1	1	1	1	1	1	1	1	1	1	1	1	1	1	1	1	0	0	0	1	1	1	1	1	1	1	1	1	0	0	0	0	0	0	0	0	0	0	1	"2"	0	1	0	0	0	0	0	0	0																				0							1	1	"44"	0	0	0	0	0	0	0	1	0	"RELEASE POINT PROBLEM"
305070	"CSB2"	0		2	3	2	7	1	0	1	2	1	0	0			0	2	1			2	0	2	"1 7"	1	0	0	0	0	0	1	0										1	0	0					3	4	0		0													"3 5 6 7"	0	0	1	0	1	1	1	0	0	0	0	0	0	4	3	0		5	0		6	0		7	0												0	1	1			"1 2 3 4 7"	1	1	1	1	0	0	1	0	0	"3"	0	0	1	0	0	1							1											0										1	0		33	58	0					0		1	3	0					3	3		90	7	3		90	7	3		90	7	5	3		90	7									6	1	1	5	5	7	3		90	7																				3		90	7	1	0			1	0			1	"1 3 4 5 6"	1	0	1	1	1	1	0	0	1	0			3	0			4	0			7	0				5	0										1	0			1	1	1	0			1	0				1	0			11	1	0			4	1	0			5	1	0			6	1	0			7	1	0			8	1	0			9	1	0			10	1	0			1	3		90	7	2	3		90	7	3	3		90	7	1	0			4				4				1	0			1	0			1	0			1	0			1	0			720	12.0	1080	18.0									0																																																																									0	6	1	1	0		1	0	3	1	0	1	1	1	1	0	5	0	1	1	4	4	1	1	1	0	1	1	7	0		0								"1 3 5 6"	1	0	1	0	1	1	0	0	0	0	0	0	0	0	0	0	"1 2"	1	1	0	0	0	0	0	0	0	0	0	0	0	2		1	"6"	0	0	0	0	1	0	0	0	0	0	0	0	1	"1 2 3 5 8 11 12 18 19 20 21 22 23 24 25 26 27 28 29 30 31 32 33 38 39 40 41 42 43 44 45"	1	1	1	0	1	0	0	1	0	0	1	1	0	0	0	0	0	1	1	1	1	1	1	1	1	1	1	1	1	1	1	1	1	0	0	0	0	1	1	1	1	1	1	1	1	0	0	0	0	0	0	0	0	0	0	0	1	"99"	0	0	0	0	0	1	0	0	0																				1	"1 2"	1	1	0	0	0	1	1	"2"	0	1	0	0	0	0	0	0	0	"INSUFFICIENT NUMBER OF DRONES"
306002	"CSB1"	1	53	2	3	1	2	1	0	2	0	0	0	0			1					3	1	3																			0	0	1	1	1	1	0	3	4	0		0													"3 5 6 7 9"	0	0	1	0	1	1	1	0	1	0	0	0	0	5	3	0		5	0		6	0		7	0		9	0									0	1	1			"1 2 3 5"	1	1	1	0	1	0	0	0	1							1							1											1	"1 2 3 4"	1	1	1	1	0	0	0	0	1	4		1	8	0		0			1		0	0	0		0			3	1	1	30	7	1	1	30	7	1	1	30	7	5	1	0											6	1	0			7	3		90	7	9	3		90	7															3		90	7	3		60	2	3		20	4	1	"1 2 3 4 5 6"	1	1	1	1	1	1	0	0	1	0			2	0			3	0			4	1	20	5		7	0			5	0						1	1	20	5	1	1	1	1	30	5	1	0				1	0			11	3		20	5	4	1	0			5	1	0			6	1	0			7	1	1	12	5	8	1	0			9	1	0			10	1	0			1	4				2	4				3	4				4				1	0			3		90	7	1	0			3		90	7	1	0			1	0			3		12	5													0																																																																									1	6	1	1	0		1	0	3	1	1	1	1	1	1	1	2	0	1	1	4	5	1	1	1	0	1	1	18	0		1	"1 2 4"	1	1	0	1	0	0	"2 3 7"	0	1	1	0	0	0	1	0	0	0	0	0	0	0	0	0	"2 3 5 8"	0	1	1	0	1	0	0	1	0	0	0	0	1	1	1	1	"2 3 4 5 6 7 8 9"	1	1	1	1	1	1	1	1	0	0	0	0	1	"1 2 3 4 5 6 7 8 9 10 11 12 13 14 15 16 17 18 19 20 21 22 23 24 25 26 27 28 29 30 31 38 39 40 41 42 43 44 45 46 48"	1	1	1	1	1	1	1	1	1	1	1	1	1	1	1	1	1	1	1	1	1	1	1	1	1	1	1	1	1	1	1	0	0	0	0	0	0	1	1	1	1	1	1	1	1	1	0	1	0	0	0	0	0	0	0	0	1	"1"	1	0	0	0	0	0	0	0	0																				0							1	1	"44"	0	0	0	0	0	0	0	1	0	"SPONSORSHIP OF THE PROJECT"
306004	"CSB1"	0		2	3	1	2	1	0	2	0	1	0	0			2		0			2	1	5										"2"	0	1	0	0	0	0	0	0	1	1	1	1	0	1	0	2	4	0		0													"3 5 6 7 9 13"	0	0	1	0	1	1	1	0	1	0	0	0	1	6	3	0		5	0		6	0		7	0		9	0		13	0						0	1	1			"1 2 3 4 5 6 7"	1	1	1	1	1	1	1	0	1							1							1											1	"1 2 3 4 5 6 7 8"	1	1	1	1	1	1	1	1	1	8		57	38	53		0		0	6		26	17	0		0		0	3	1	1	30	7	1	1	30	7	1	1	30	7	5	3		17	7									6	1	0			7	3		90	7	9	3		90	7	13	3		90	7										4				1	0			1	0			1	"1 2 3 4 5 6"	1	1	1	1	1	1	0	0	1	0			2	0			3	0			4	0				7	0			5	0						1	1	5	2	1	1	1	0			1	0				1	0			11	1	1	30	7	4	1	0			5	1	0			6	1	0			7	1	0			8	1	0			9	1	0			10	1	0			1	3		90	1	2	3		90	7	3	3		90	7	4				4				3		90	7	1	0			3		30	7	1	0			1	1	30	7	1	0			1440	24.0	1440	24.0	1440	24.0	600	10.0	600	10.0	600	10.0	0																																																																									0	1	1	1	0		1	0	3	1	1	1	1	1	1	1	2	0	1	1	4	2	1	1	1	0	0	0																																										0	3		1	"2 5"	1	0	0	1	0	0	0	0	0	0	0	0	1	"1 2 3 19 20 21 22 23 24 25 26 27 38 39 40 41"	1	1	1	0	0	0	0	0	0	0	0	0	0	0	0	0	0	0	1	1	1	1	1	1	1	1	1	0	0	0	0	0	0	0	0	0	0	1	1	1	1	0	0	0	0	0	0	0	0	0	0	0	0	0	0	0					0	0	0				0																				0							0	44	"44"	0	0	0	0	0	0	0	1	0	"ALL THE ISOLATED FACILITY SHOULD BENEFICIT FROM DRONE"
306027	"CSB2"	1	124	2	3	1	1	1	1	1	1	1	0	0		1	1	1	1			1	1	1	"1 4"	1	0	0	1	0	0	0	0										1	0	0					3	4	0		0													"3 4 5 6"	0	0	1	1	1	1	0	0	0	0	0	0	0	4	3	0		4	0		5	0		6	0												0	1	1	1	1	"2 3 4 7"	0	1	1	1	0	0	1	0	0	"3"	0	0	1	0	0	1							1		"2 4 5 6"	0	1	0	1	1	1	0	0	0										1	0	0	0	0						0	0	0	0						3	3		33	1	3		33	1	3		33	1	4	3		33	1	3		33	1	3		33	1	5	3		44	1	6	3		44	1																				4				1	0			1	0			1	"1 2 3 4 5"	1	1	1	1	1	0	0	0	1	0			2	0			3	0			4	0				7	0										1	0			0	1	1	0			1	0				1	0			11	1	0			4	1	0			5	1	0			6	1	0			7	1	0			8	1	0			9	1	0			10	1	0			1	3		90	7	2	3		90	7	3	3		90	7	4				4				1	0			1	0			4				1	0			1	0			1	0			840	14.0	1440	24.0	840	14.0	480	8.0	720	12.0	480	8.0	0																																																																									0	6	1	1	0		0	0	3	1	1	1	1	1	1	0	5	0	1	1	2	2	1	1	1	0	1	1	30	0		0								"44"	0	0	0	0	0	0	0	0	0	0	0	0	0	0	1	0	"44"	0	0	0	0	0	0	0	0	0	0	1	0	1	1	1	1	"5"	0	0	0	1	0	0	0	0	0	0	0	0	1	"18 19 20 21 22 23 24 25 26 27 28 29 30 31 32 33 34 38 39 40 41 42 43"	0	0	0	0	0	0	0	0	0	0	0	0	0	0	0	0	0	1	1	1	1	1	1	1	1	1	1	1	1	1	1	1	1	1	0	0	0	1	1	1	1	1	1	0	0	0	0	0	0	0	0	0	0	0	0	0	1	"3"	0	0	1	0	0	0	0	0	0																				1	"2"	0	1	0	0	0	1	1	"44"	0	0	0	0	0	0	0	1	0	"INCLUD OTHER MEDICATION"
306033	"CSB1"	0		2	3	1	2	1	0	1	1	1	0	0			1	1	0			3	1	3																			0	0	1	1	1	1	0	3	4	0		1	"1"	1	0	0	0	0	0	0	0	0	1	2	"3 5 6 7 9"	0	0	1	0	1	1	1	0	1	0	0	0	0	5	3	0		5	0		6	0		7	0		9	0									0	1	1			"1 2 3 4 5 6 7"	1	1	1	1	1	1	1	0	1							1							1											1	"1 2 3 4 5 6 7 8"	1	1	1	1	1	1	1	1	1	1		53	64	4		0			1		14	13	3		0			3	2	0			2	0			2	0			5	1	1	14	7									6	3		21	7	7	3		45	7	9	2	0																	1	0			2	0			1	0			2	"1 3 4 5 6"	1	0	1	1	1	1	0	0	1	0			3	1	14	4	4	1	14	4	7	1	7	5		5	1	21	4								2	0			1	1	2	0			2	1	17	7		2	0			11	1	1	7	4	4	1	1	7	4	5	1	0			6	1	0			7	1	0			8	1	0			9	1	1	7	5	10	1	0			1	4				2	4				3	4				2	0			2	0			1	0			1	0			1	0			1	0			1	0			1	0															0																																																																									1	6	1	1	0		1	0	3	1	0	0	0	0	0	0	2	0	1	1	3	4	1	1	1	0	1	1	1	0		0								"6 7"	0	0	0	0	0	1	1	0	0	0	0	0	0	0	0	0	"1"	1	0	0	0	0	0	0	0	0	0	0	0	1	1	1	1	"2 3 4 5 6 7"	1	1	1	1	1	1	0	0	0	0	0	0	1	"1 2 3 4 5 6 7 8 9 10 11 12 13 15 16 17 18 19 20 21 22 23 24 25"	1	1	1	1	1	1	1	1	1	1	1	1	1	0	1	1	1	1	1	1	1	1	1	1	1	0	0	0	0	0	0	0	0	0	0	0	0	0	0	0	0	0	0	0	0	0	0	0	0	0	0	0	0	0	0	0	1	"1"	1	0	0	0	0	0	0	0	0																				0							0	1	"2"	0	1	0	0	0	0	0	0	0	"INSUFFICIENT NUMBER OF DRONES"
308050	"CSB1"	0		2	3	1	7	1	0	0	2	1	2	1	"GUARD"			1	1	2	1	7	1	3																			0	0	0					3	4	0		0													"3 5 6 7 9"	0	0	1	0	1	1	1	0	1	0	0	0	0	5	3	0		5	0		6	0		7	0		9	0									0	1	1			"8"	0	0	0	0	0	0	0	1	1							1							1											1	"1 2 3 4 5 6 7 8"	1	1	1	1	1	1	1	1	1	11		0	41	0		0			10		0	10	0		0			3	3		45	7	3		45	7	3		45	7	5	3		29	2									6	3		7	2	7	3		90	7	9	3		60	2															4				3		90	7	1	1	60	7	1	"1 2 4 5"	1	1	0	1	1	0	0	0	1	0			2	0			4	1	15	7	7	0															1	0			0	1	1	0			1	0				1	0			11	1	1	15	7	4	1	1	7	5	5	1	0			6	1	0			7	1	0			8	1	0			9	1	0			10	1	0			1	3		60	10	2	4				3	4				4				4				3		90	7	4				3		90	7	1	0			1	0			1	0			1080	18.0	1200	20.0	1920	32.0							0																																																																									1	7	1	1	0		1	0	99	1	0	0	0	1	1	1	2	1	1	1	5	5	0				0	0																																										0	3		0														1	"1 2 5 6 8 10 11 12 15 18 19 20 21 22 23 24 25 32 33 38 39 40 41 42 43 44 45 46"	1	1	0	0	1	1	0	1	0	1	1	1	0	0	1	0	0	1	1	1	1	1	1	1	1	0	0	0	0	0	0	1	1	0	0	0	0	1	1	1	1	1	1	1	1	1	0	0	0	0	0	0	0	0	0	0					0	0	0				0																				1	"1 2"	1	1	0	0	0	0	1	"2 4"	0	1	0	1	0	0	0	0	0	"NONE"
308062	"CSB2"	0		2	3	1	2	1	0	1	1	1	24	1	"GUARD"		1	1	1	0	1	3	1	3																			0	0	0					2	4	0		0													"3 5 6 7 9"	0	0	1	0	1	1	1	0	1	0	0	0	0	5	3	0		5	0		6	0		7	0		9	0									0	1	1			"1 2 3 4 5 6 7"	1	1	1	1	1	1	1	0	1							1							1											0										1	4		42	18	9		0			3		4	2	20		0			3	3		15	7	3		15	7	3		15	7	5	3		60	7									6	1	0			7	1	0			9	3		90	7															4				4				3		90	7	1	"1 2 3 5 6"	1	1	1	0	1	1	0	0	1	0			2	0			3	0			7	0				5	1	60	7								1	0			0	1	1	1	60	7	3		90	7		1	0			11	1	0			4	1	0			5	1	0			6	1	0			7	1	0			8	1	0			9	1	0			10	1	0			1	3		30	10	2	4				3	4				4				4				3		90	7	1	0			3		90	7	1	0			3		90	7	3		90	7	1440	24.0	1440	24.0									0																																																																									0	7	1	1	0		1	0	99	1	1	1	1	1	1	1	2	1	1	1	4	3	1	1	1	0	0	0																																										0	3		0														0																																																														0	0	0				0																				0							0	1	"2"	0	1	0	0	0	0	0	0	0	"NONE"
309064	"CSB2"	1	17	2	3	1	2	1	0	1	1	1	22	1	"GUARD/TREASURER"		1	1	1	2	1	2	1	4										"1 6"	1	0	0	0	0	1	0	0	0	0	1	1	1	1	1	3	4	0		1	"3 5"	0	0	1	0	1	0	0	0	0	1	2	"3 5 6 7 9"	0	0	1	0	1	1	1	0	1	0	0	0	0	5	3	0		5	0		6	0		7	0		9	0									0	1	1			"1 2 3 4 5 6"	1	1	1	1	1	1	0	0	1							1							1											0										1	4		63	76	0		0			0		7	13	0		0			3	1	0			1	1	60	7	1	1	60	7	5	3		15	2									6	1	0			7	3		60	7	9	3		90	7															3		90	7	1	0			1	0			1	"2 3 4 5 6"	0	1	1	1	1	1	0	0	2	0			3	0			4	0			7	0				5	0										1	0			0	1	1	0			1	1	60	7		1	0			11	1	0			4	1	0			5	1	0			6	1	0			7	1	0			8	1	0			9	1	0			10	1	0			1	3		90	10	2	3		90	10	3	3		90	10	4				4				1	0			1	0			1	0			1	0			1	0			1	0			180	3.0	180	3.0	180	3.0	180	3.0					0																																																																									1	7	1	1	0		1	0	99	1	1	0	0	1	0	1	2	1	1	1	4	4	1	1	1	0	1	1	3	0		1	"4"	0	0	0	1	0	0	"2 3 7 11"	0	1	1	0	0	0	1	0	0	0	1	0	0	0	0	0	"3 4 7"	0	0	1	1	0	0	1	0	0	0	0	0	1	1	2	1	"4 7"	0	0	1	0	0	1	0	0	0	0	0	0	1	"1 2 3 5 6 7 8 9 10 11 12 13 15 18 19 20 21 22 23 24 25 26 27 32 33 34 38 39 40 41 42 43 44"	1	1	1	0	1	1	1	1	1	1	1	1	1	0	1	0	0	1	1	1	1	1	1	1	1	1	1	0	0	0	0	1	1	1	0	0	0	1	1	1	1	1	1	1	0	0	0	0	0	0	0	0	0	0	0	0	1	"2"	0	1	0	0	0	0	0	0	0																				0							1	1	"2"	0	1	0	0	0	0	0	0	0	"DO NOT LIMIT PRODUCTS ORDERED"
319026	"CSB1"	0		2	3	1	2	1	0	3	0	1	0	1	"GUARD"		3		1	0	0	2	1	4										"5"	0	0	0	0	1	0	0	0	0	0	1	1	1	1	0	3	4	1	1	1	"1"	1	0	0	0	0	0	0	0	0	0		"3 5 6 7 9"	0	0	1	0	1	1	1	0	1	0	0	0	0	5	3	0		5	0		6	0		7	0		9	0									0	1	1			"2 4 6"	0	1	0	1	0	1	0	0	1							1							1											1	"1 5 7"	1	0	0	0	1	0	1	0	1	19		29	21	17		6			1		1	2	1		0			3	3		15	2	3		15	2	3		15	2	5	3		90	1									6	3		15	2	7	3		15	2	9	3		15	2		3		15	2										3		90	1	3		90	2	1	0			1	"1 2 3 4 5 6"	1	1	1	1	1	1	0	0	1	1	40	4	2	1	30	2	3	0			4	0				7	0			5	0						1	0			0	1	1	0			1	1	60	1		1	0			11	1	0			4	1	0			5	1	0			6	1	0			7	1	0			8	1	0			9	3		30	2	10	1	0			1	3		90	10	2	3		90	10	3	3		90	10	3		90	1	1	0			3		90	7	1	0			3		90	7	1	0			1	0			1	0			480	8.0	480	8.0	480	8.0	480	8.0	480	8.0	480	8.0	1	2024-09-01	"1 5 8 11 12 23 39 49 50 54"	1	0	0	0	1	0	0	1	0	0	1	1	0	0	0	0	0	0	0	0	0	0	1	0	0	0	0	0	0	0	0	0	0	0	0	0	0	0	1	0	0	0	0	0	0	0	0	0	1	1	0	0	0	1	0	0	"1 2"	1	1	0	0	0		"3"	0	0	1	0	0	0	1	7	1	1	0		1	0	99	1	1	1	1	1	0	1	2	1	1	1	3	4	1	1	1	0	88	88																																										88	88		88														88																																																														0	0	0				88																				1	"1 2"	1	1	0	0	0	88	88	"44"	0	0	0	0	0	0	0	1	0	"ALL THE ISOLATED FACILITY SHOULD BENEFICIT FROM DRONE"
320077	"CSB2"	1	61	2	3	1	7	1	0	0	1	1	12	0				1	0	0		7	1	3																			0	0	0					4	2	1	1	0													"3 5 9"	0	0	1	0	1	0	0	0	1	0	0	0	0	3	3	0		5	0		9	0															0	0	0			"1 2 3 4 5 6 7"	1	1	1	1	1	1	1	0	1							1							1																					1	15		60				1			10		1				0			3	1	0											5	1	0											9	1	0																											1	1	30	2	3		20	2	1	0			1	"3 4 5"	0	0	1	1	1	0	0	0	3	1	90	2	4	0			7	0																			1	0			1	1	1	0			3		10	2		1	0			11	1	1	25	2	4	1	0			5	1	0			6	1	0			7	1	0			8	1	0			9	1	0			10	1	0			1	4				2	4				3	4				1	0			3		30	2	3		60	2	1	0			2	1	25	2	1	0			1	0			1	0			660	11.0	840	14.0	660	11.0	660	11.0	840	14.0	660	11.0	0																																																																									1	5	1	1	0		1	0	99	1	0	0	0	0	0	1	2	1	1	1	3	3	1	1	1	0	1	1	20	1	1	1	"1 2 4"	1	1	0	1	0	0	"44"	0	0	0	0	0	0	0	0	0	0	0	0	0	0	1	0	"4"	0	0	0	1	0	0	0	0	0	0	0	0	1	1	1	1	"6 7"	0	0	0	0	1	1	0	0	0	0	0	0	1	"2 5 18 19 20 21 22 23 24 25 38 39 40 41 42"	0	1	0	0	1	0	0	0	0	0	0	0	0	0	0	0	0	1	1	1	1	1	1	1	1	0	0	0	0	0	0	0	0	0	0	0	0	1	1	1	1	1	0	0	0	0	0	0	0	0	0	0	0	0	0	0	1	"88"	0	0	0	0	0	0	1	0	0																				0							1	6	"5"	0	0	0	0	1	0	0	0	0	"SPONSORSHIP OF THE PROJECT"
326048	"CSB1"	1	94	2	3	1	7	1	0	0	2	1	0	0				2	1			7	0	2	"3"	0	0	1	0	0	0	0	0										1	0	1	1	0	1	1	3	4	0		0													"3 5 6 7 9"	0	0	1	0	1	1	1	0	1	0	0	0	0	5	3	0		5	0		6	0		7	0		9	0									0	1	1			"1 2 3 4 5 7"	1	1	1	1	1	0	1	0	1							1							1											0										1	4		19	24	1		0			2		2	4	0		0			3	1	1	60	7	1	1	60	7	3		60	7	5	3		7	3									6	1	0			7	3		90	7	9	3		90	7															4				3		90	7	3		90	7	1	"1 2 3 4 5 6 7"	1	1	1	1	1	1	1	0	1	0			2	0			3	0			4	0				7	0			5	0				6	0	1	0			1	1	1	0			3		90	7		1	0			11	3		7	2	4	1	0			5	1	0			6	1	0			7	3		1	2	8	1	0			9	1	0			10	1	0			1	3		90	7	2	3		90	7	3	3		90	7	4				1	0			3		90	7	1	0			3		90	7	1	0			1	0			1	1	12	1	1260	21.0	1260	21.0	1260	21.0							0																																																																									0	5	1	1	0		1	0	99	1	1	1	1	1	1	0	5	0	1	1	3	3	1	2	1	1	1	1	50	1	1	1	"2 4"	0	1	0	1	0	0	"6"	0	0	0	0	0	1	0	0	0	0	0	0	0	0	0	0	"44"	0	0	0	0	0	0	0	0	0	0	1	0	1	1	1	1	"5 6 7"	0	0	0	1	1	1	0	0	0	0	0	0	1	"1 2 3 4 5 6 7 8 9 10 11 12 13 18 19 20 21 22 23 24 25 26 27 28 29 30 31 32 33 35 38 39 40 41 42 43 44 45 47"	1	1	1	1	1	1	1	1	1	1	1	1	1	0	0	0	0	1	1	1	1	1	1	1	1	1	1	1	1	1	1	1	1	0	1	0	0	1	1	1	1	1	1	1	1	0	1	0	0	0	0	0	0	0	0	0	1	"1"	1	0	0	0	0	0	0	0	0																				1	"1 2"	1	1	0	0	0	1	1	"44"	0	0	0	0	0	0	0	1	0	"INSUFFICIENT NUMBER OF DRONES"
326081	"CSB1"	1	93	2	3	1	7	1	0	0	2	1	0	0				1	1			7	0	5										"1"	1	0	0	0	0	0	0	0	1	0	1	1	0	1	0	3	4	0		0													"3 5 6 7 8 9 13"	0	0	1	0	1	1	1	1	1	0	0	0	1	7	3	0		5	0		6	0		7	0		8	0		9	0		13	0			0	1	1			"1 2 3 4 5 6 7"	1	1	1	1	1	1	1	0	1							1							1											1	"1 2 3 4 5 6 7 8"	1	1	1	1	1	1	1	1	1	0		16	84	0	0	7		0	0		7	39	0	0	7		0	3	3		60	7	3		60	7	3		60	7	5	3		30	7									6	1	0			7	3		60	7	8	3		60	7	9	1	0			13	3		90	7					3		7	1	3		30	1	1	0			1	"1 2 3 4 5"	1	1	1	1	1	0	0	0	1	0			2	0			3	1	10	7	4	0				7	0										1	0			1	1	1	0			1	0				1	0			11	3		10	7	4	1	0			5	1	0			6	1	0			7	1	0			8	1	0			9	1	1	10	7	10	1	0			1	3		90	7	2	3		90	7	3	3		90	7	4				1	0			3		90	7	1	0			3		90	7	1	0			1	0			1	0			1140	19.0	1500	25.0	1140	19.0							0																																																																									0	5	1	1	0		1	0	3	1	1	1	1	1	1	0	5	0	1	1	4	4	1	2	1	1	1	1	70	0		1	"1 4"	1	0	0	1	0	0	"3"	0	0	1	0	0	0	0	0	0	0	0	0	0	0	0	0	"1"	1	0	0	0	0	0	0	0	0	0	0	0	1	1	1	1	"5"	0	0	0	1	0	0	0	0	0	0	0	0	1	"1 2 5 8 11 18 19 20 21 22 23 24 25 26 27 28 29 30 31 32 33 38 39 40 41 43 44 45"	1	1	0	0	1	0	0	1	0	0	1	0	0	0	0	0	0	1	1	1	1	1	1	1	1	1	1	1	1	1	1	1	1	0	0	0	0	1	1	1	1	0	1	1	1	0	0	0	0	0	0	0	0	0	0	0	1	"3"	0	0	1	0	0	0	0	0	0																				0							1	1	"44"	0	0	0	0	0	0	0	1	0	"PRIORITIZING EMERGENCY ORDERS"
326098	"CSB2"	0		2	3	2	7	1	0	3	0	1	0	0			1		1			3	1	3																			1	0	1	1	1	1	0	3	4	0		0													"3 5 6 7"	0	0	1	0	1	1	1	0	0	0	0	0	0	4	3	1	5000	5	1	2500	6	1	2500	7	1	1000											0	1	1			"1 7"	1	0	0	0	0	0	1	0	1							1							1											0										1	3		65	38	27					1		9	3	0					3	3		14	4	1	1	25	4	1	1	25	4	5	3		14	4									6	1	0			7	3		60	7																				1	0			3		90	7	1	0			1	"2 3 4 5"	0	1	1	1	1	0	0	0	2	0			3	0			4	0			7	0															1	0			1	1	1	0			3		90	7		1	0			11	3		25	4	4	1	0			5	1	0			6	1	0			7	3		1	5	8	1	0			9	1	0			10	1	0			1	4				2	4				3	4				3		30	7	4				3		60	7	1	0			3		60	7	1	0			1	0			1	0															0																																																																									0	6	1	1	0		1	99	99	1	1	1	1	1	0	1	2	0	1	1	4	4	1	1	1	0	0	0																																										0	99		1	"2 3 4 5 6 7"	1	1	1	1	1	1	0	0	0	0	0	0	0																																																														0	0	0				99																				99							99	1	"2"	0	1	0	0	0	0	0	0	0	"NONE"
328084	"CSB1"	0		2	3	1	2	1	0	1	0	1	12	0			1		1	3		2	1	4										"1 5"	1	0	0	0	1	0	0	0	0	0	0					3	4	0		0													"3 5 6 7 9"	0	0	1	0	1	1	1	0	1	0	0	0	0	5	3	0		5	0		6	0		7	0		9	0									0	1	1			"1 2 3 4 6 7"	1	1	1	1	0	1	1	0	0	"2"	0	1	0	0	0	1							1											1	"3 5"	0	0	1	0	1	0	0	0	1	9		26	31	0		0			6		3	0	0		0			3	3		15	2	3		15	2	3		15	2	5	3		15	2									6	3		15	2	7	3		15	2	9	1	0																	3		15	2	3		60	2	3		30	2	1	"1 2 3 4 5 6"	1	1	1	1	1	1	0	0	1	0			2	0			3	0			4	0				7	0			5	0						1	0			1	1	1	0			3		30	2		1	0			11	1	0			4	1	0			5	1	0			6	1	0			7	1	0			8	1	0			9	3		15	2	10	1	0			1	3		90	7	2	3		90	7	3	3		90	7	3		30	2	3		90	2	1	0			1	0			1	0			1	0			1	0			1	0			600	10.0	720	12.0	600	10.0	600	10.0	600	10.0	600	10.0	1	2024-09-01	"5 8 11 12"	0	0	0	0	1	0	0	1	0	0	1	1	0	0	0	0	0	0	0	0	0	0	0	0	0	0	0	0	0	0	0	0	0	0	0	0	0	0	0	0	0	0	0	0	0	0	0	0	0	0	0	0	0	0	0	0	"2"	0	1	0	0	0		"1"	1	0	0	0	0	0	1	1	1	1	0		1	0	99	1	1	1	1	1	0	1	2	1	1	1	3	3	1	1	1	0	0	0																																										0	99		99														99																																																														0	0	0				99																				1	"1"	1	0	0	0	0	0	99	"44"	0	0	0	0	0	0	0	1	0	"NONE"
328088	"CSB1"	1	29	2	3	1	2	1	0	1	2	1	0	0			1	2	1			2	1	3																			0	0	1	1	1	1	0	3	4	0		0													"3 5 6 7 9 13"	0	0	1	0	1	1	1	0	1	0	0	0	1	6	3	0		5	0		6	0		7	0		9	0		13	0						0	1	1			"1 2 3 4 5 6 7"	1	1	1	1	1	1	1	0	1							1							1											1	"1 2"	1	1	0	0	0	0	0	0	1	7		26	49	108		0		0	9		10	24	0		0		0	3	1	1	30	4	1	0			1	0			5	3		45	7									6	1	0			7	3		90	7	9	1	1	60	4	13	1	0												4				1	0			1	0			1	"1 2 5"	1	1	0	0	1	0	0	0	1	0			2	0			7	0																			1	0			1	0	1	0			1	1	60	7		1	0			11	3		30	7	4	3		30	7	5	1	0			6	1	0			7	1	0			8	1	0			9	3		30	7	10	1	0			1	1	0			2	4				3	4				3		4	5	4				3		90	7	1	0			3		90	7	1	0			1	0			1	0															0																																																																									1	6	1	1	0		1	0	3	1	1	1	1	1	1	1	2	1	1	1	4	5	1	1	1	0	1	1	25	1	1	1	"2 4"	0	1	0	1	0	0	"1 2 3 6 7"	1	1	1	0	0	1	1	0	0	0	0	0	0	0	0	0	"2 3 5"	0	1	1	0	1	0	0	0	0	0	0	0	1	1	1	1	"3 4 5 6 7"	0	1	1	1	1	1	0	0	0	0	0	0	1	"1 2 3 4 5 6 7 8 9 10 11 12 13 14 15 16 17 18 19 20 21 22 23 24 25 38 39 40 41 42 43 44 45 46"	1	1	1	1	1	1	1	1	1	1	1	1	1	1	1	1	1	1	1	1	1	1	1	1	1	0	0	0	0	0	0	0	0	0	0	0	0	1	1	1	1	1	1	1	1	1	0	0	0	0	0	0	0	0	0	0	1	"1"	1	0	0	0	0	0	0	0	0																				0							1	1	"2"	0	1	0	0	0	0	0	0	0	"DO NOT LIMIT THE QUANTITY ORDERED"
339104	"CSB1"	1	57	2	3	1	7	1	0	1	1	1	12	1	"GUARD"		1	1	1	2	1	3	1	3																			0	0	1	1	0	0	0	3	4	0		0													"3 5 6 7 9 13"	0	0	1	0	1	1	1	0	1	0	0	0	1	6	3	1	3000	5	0		6	0		7	0		9	0		13	0						0	1	1			"1 2 3 4 6 7"	1	1	1	1	0	1	1	0	0	"1"	1	0	0	0	0	1							1											1	"1 3 4 6"	1	0	1	1	0	1	0	0	1	10		25	27	0		0		0	10		4	5	0		0		0	3	1	1	60	2	1	1	60	7	1	1	60	7	5	3		7	2									6	1	0			7	3		60	7	9	1	0			13	1	0												4				3		90	7	1	1	60	7	1	"1 3 4 5 6"	1	0	1	1	1	1	0	0	1	0			3	0			4	1	7	7	7	0				5	1	30	7								1	0			1	1	1	0			3		90	7		1	0			11	1	1	30	2	4	1	0			5	1	0			6	1	0			7	1	0			8	1	0			9	1	0			10	1	0			1	3		7	10	2	4				3	4				4				4				3		90	2	1	0			4				1	0			1	0			1	0			120	2.0	120	2.0	120	2.0	180	3.0	180	3.0	180	3.0	0																																																																									0	6	1	1	0		1	0	99	1	1	0	1	1	1	1	2	1	1	1	4	4	1	1	1	0	1	1	14	0		1	"1 2 4"	1	1	0	1	0	0	"3 7 11"	0	0	1	0	0	0	1	0	0	0	1	0	0	0	0	0	"3 7"	0	0	1	0	0	0	1	0	0	0	0	0	1	1	1	1	"5 7"	0	0	0	1	0	1	0	0	0	0	0	0	1	"5 8 11 18 19 20 21 22 23 24 25 38 39 40 41 42 43 44 45"	0	0	0	0	1	0	0	1	0	0	1	0	0	0	0	0	0	1	1	1	1	1	1	1	1	0	0	0	0	0	0	0	0	0	0	0	0	1	1	1	1	1	1	1	1	0	0	0	0	0	0	0	0	0	0	0	1	"99"	0	0	0	0	0	1	0	0	0																				0							1	1	"2 4"	0	1	0	1	0	0	0	0	0	"INSUFFICIENT NUMBER OF DRONES"
343080	"CSB2"	1	167	2	3	1	2	1	0	3	0	1	0	0			3		1			3	1	3																			0	0	1	1	1	1	0	3	4	0		1	"1"	1	0	0	0	0	0	0	0	0	0		"3 5 6 7 9 13"	0	0	1	0	1	1	1	0	1	0	0	0	1	6	3	0		5	0		6	0		7	0		9	0		13	0						0	1	1			"1 3 4 5 6 7"	1	0	1	1	1	1	1	0	1							1							1											0										1	27		0	85	0		0		0	7		0	30	0		0		0	3	1	1	30	4	1	0			1	0			5	3		45	3									6	1	0			7	3		90	7	9	1	0			13	1	0												4				3		90	7	1	1	30	4	1	"1 2 4 5 6"	1	1	0	1	1	1	0	0	1	0			2	1	30	5	4	0			7	0				5	0										1	0			1	1	1	0			1	1	30	5		1	0			11	3		60	7	4	1	0			5	1	0			6	1	0			7	1	0			8	1	0			9	3		40	7	10	1	0			1	4				2	4				3	4				4				1	0			3		90	7	1	0			3		90	7	1	0			1	0			1	0															0																																																																									0	6	1	1	0		1	0	3	1	1	1	1	1	1	1	2	0	1	1	4	5	1	1	1	0	1	1	120	1	1	1	"1 2"	1	1	0	0	0	0	"2 3 6"	0	1	1	0	0	1	0	0	0	0	0	0	0	0	0	0	"44"	0	0	0	0	0	0	0	0	0	0	1	0	1	1	1	1	"2 3 4 5 6 7"	1	1	1	1	1	1	0	0	0	0	0	0	1	"1 2 3 4 6 7 8 9 10 11 12 13 14 15 16 17 18 19 20 21 22 23 24 38 39 40 41 42 43 44 45 46"	1	1	1	1	0	1	1	1	1	1	1	1	1	1	1	1	1	1	1	1	1	1	1	1	0	0	0	0	0	0	0	0	0	0	0	0	0	1	1	1	1	1	1	1	1	1	0	0	0	0	0	0	0	0	0	0	1	"1"	1	0	0	0	0	0	0	0	0																				0							1	1	"44"	0	0	0	0	0	0	0	1	0	"SPONSORSHIP OF THE PROJECT"
343083	"CSB1"	1	79	2	3	2	2	1	0	2	0	1	0	0			1		1			2	1	2	"1 7"	1	0	0	0	0	0	1	0										0	0	0					3	4	0		0													"3 5 6 7"	0	0	1	0	1	1	1	0	0	0	0	0	0	4	3	0		5	0		6	0		7	0												0	1	1			"1 2 3 4 5 6"	1	1	1	1	1	1	0	0	1							1							1											0										1	1		23	31	2					1		0	3	0					3	1	0			1	0			1	0			5	1	0											6	3		25	3	7	1	0																						1	0			3		90	7	3		90	99	1	"1 2 3 4 5"	1	1	1	1	1	0	0	0	1	0			2	0			3	0			4	0				7	0										1	0			0	1	1	0			1	0				1	0			11	1	0			4	1	0			5	1	0			6	1	0			7	1	0			8	1	0			9	1	0			10	1	0			1	3		90	7	2	3		90	7	3	3		90	7	4				4				1	0			1	0			3		90	7	1	0			1	0			1	0			720	12.0	960	16.0	720	12.0							0																																																																									0	6	1	1	0		1	0	3	1	1	1	1	1	1	0	5	0	1	1	3	3	1	1	0	1	1	1	30	0		0								"3 5 6"	0	0	1	0	1	1	0	0	0	0	0	0	0	0	0	0	"1 2 3"	1	1	1	0	0	0	0	0	0	0	0	0	1	2		1	"5"	0	0	0	1	0	0	0	0	0	0	0	0	1	"1 2 3 4 5 8 10 11 18 19 20 21 22 23 24 25 26 27 28 29 30 31 32 33"	1	1	1	1	1	0	0	1	0	1	1	0	0	0	0	0	0	1	1	1	1	1	1	1	1	1	1	1	1	1	1	1	1	0	0	0	0	0	0	0	0	0	0	0	0	0	0	0	0	0	0	0	0	0	0	0	1	"99"	0	0	0	0	0	1	0	0	0																				0							1	1	"44"	0	0	0	0	0	0	0	1	0	"INSUFFICIENT NUMBER OF DRONES"
346003	"CSB1"	0		2	3	1	7	1	0	1	2	1	12	3	"GUARD/TREASURER"		1	1	1	0	1	3	1	4										"1 5 6"	1	0	0	0	1	1	0	0	0	0	1	1	0	0	0	3	4	0		0													"3 5 6 9 13"	0	0	1	0	1	1	0	0	1	0	0	0	1	5	3	0		5	0		6	0		9	0		13	0									0	1	1			"1 2 3 4 5 6"	1	1	1	1	1	1	0	0	1							1							1											1	"1 2 3 5 7"	1	1	1	0	1	0	1	0	1	0		22	5			0		0	0		6	0			0		0	3	1	0			1	0			1	0			5	1	1	30	7									6	1	0			9	1	0			13	1	0																	4				1	1	60	7	1	0			1	"1 2 3 4 5 6"	1	1	1	1	1	1	0	0	1	0			2	0			3	0			4	0				7	0			5	1	90	7				1	0			1	1	1	0			1	0				1	0			11	1	0			4	1	0			5	1	0			6	1	0			7	1	0			8	1	0			9	1	0			10	1	0			1	3		30	10	2	3		90	10	3	4				1	0			1	0			3		60	2	1	0			3		90	7	1	0			1	0			1	0			540	9.0	540	9.0	540	9.0	540	9.0	540	9.0	540	9.0	0																																																																									1	7	1	1	0		1	0	99	1	0	0	1	1	1	1	2	1	1	1	4	4	1	1	1	0	0	0																																										0	3		99														1	"1 5 6 8 11 12 15 18 20 21 22 24 25 33 38 39 40 41 42 43 44 45 46"	1	0	0	0	1	1	0	1	0	0	1	1	0	0	1	0	0	1	0	1	1	1	0	1	1	0	0	0	0	0	0	0	1	0	0	0	0	1	1	1	1	1	1	1	1	1	0	0	0	0	0	0	0	0	0	0					0	0	0				0																				0							0	1	"2"	0	1	0	0	0	0	0	0	0	"DO NOT LIMIT PRODUCTS ORDERED"
346018	"CSB1"	0		2	3	1	2	1	0	1	2	1	24	2	"GUARD/TREASURER"		1	1	1	0	1	2	1	4										"1"	1	0	0	0	0	0	0	0	0	0	1	1	1	1	0	2	4	0		0													"3 5 6 7 9"	0	0	1	0	1	1	1	0	1	0	0	0	0	5	3	0		5	0		6	0		7	0		9	0									0	1	1			"1 2 3 4 5 6"	1	1	1	1	1	1	0	0	1							1							1											1	"1 2 3 4 5 6 7 8"	1	1	1	1	1	1	1	1	1	10		25	20	16		0			4		5	7	3		0			3	1	1	60	7	1	1	60	7	1	1	60	7	5	1	0											6	1	0			7	2	1	60	7	9	3		15	2															4				1	1	60	7	1	0			1	"1 2 3 4 5 6"	1	1	1	1	1	1	0	0	1	0			2	0			3	0			4	0				7	0			5	0						1	0			1	1	1	0			1	1	60	7		1	0			11	1	1	2	1	4	1	0			5	1	0			6	1	0			7	1	0			8	1	0			9	3		15	7	10	1	0			1	3		30	10	2	4				3	4				1	0			1	0			4				1	0			4				1	0			1	0			3		11	1	1440	24.0	720	12.0	1440	24.0	1440	24.0	720	12.0	1440	24.0	0																																																																									1	7	1	1	1	2024-08-16	1	1	3	1	0	1	1	1	0	1	2	1	1	1	4	3	0				0	0																																										0	3		99														1	"1 5 6 8 11 12 15 18 19 20 21 22 23 24 25 33 38 39 41 42 43 44"	1	0	0	0	1	1	0	1	0	0	1	1	0	0	1	0	0	1	1	1	1	1	1	1	1	0	0	0	0	0	0	0	1	0	0	0	0	1	1	0	1	1	1	1	0	0	0	0	0	0	0	0	0	0	0	0					0	0	0				0																				0							0	1	"2"	0	1	0	0	0	0	0	0	0	"PRODUCTS DELIVERED DAMAGED"
346024	"CSB2"	0		2	3	1	2	1	0	3	1	1	2	1	"GUARD"		3	1	1	2	1	2	1	5										"1 5"	1	0	0	0	1	0	0	0	0	0	1	1	1	1	0	3	4	1	1	1	"1"	1	0	0	0	0	0	0	0	0	0		"3 5 6 7 9"	0	0	1	0	1	1	1	0	1	0	0	0	0	5	3	0		5	0		6	0		7	0		9	0									0	1	1			"1"	1	0	0	0	0	0	0	0	1							1							1											0										0																			3	3		15	2	3		15	2	3		15	2	5	3		10	2									6	3		10	2	7	3		15	2	9	1	0																	3		90	1	1	0			1	0			1	"1 2 3 4 5"	1	1	1	1	1	0	0	0	1	0			2	0			3	0			4	0				7	0										1	0			1	1	1	0			1	0				1	0			11	3		30	2	4	1	0			5	1	0			6	1	0			7	1	0			8	3		30	2	9	3		15	2	10	1	0			1	3		90	10	2	3		90	10	3	3		90	10	1	0			3		30	1	3		90	7	1	0			3		90	7	1	0			1	1	30	2	1	0			420	7.0	480	8.0	480	8.0	480	8.0	480	8.0	480	8.0	0																																																																									1	7	1	1	0		0	0	2	1	1	1	1	1	0	1	2	1	1	1	4	4	1	2	1	1	88	88																																										88	99		99														99																																																														0	0	0				99																				99							99	88	"5"	0	0	0	0	1	0	0	0	0	"NONE"
346076	"CSB1"	1	19	2	3	1	7	1	0	1	2	1	16	0			0	1	1	0		7	1	3																			0	0	0					3	4	1	1	0													"3 5 6 7 9"	0	0	1	0	1	1	1	0	1	0	0	0	0	5	3	0		5	0		6	0		7	0		9	0									0	1	1			"1 2 3 4 5 6"	1	1	1	1	1	1	0	0	1							1							1											0										1	5		9	36	0		0			4		0	11	0		0			3	1	0			1	1	30	7	1	1	30	7	5	1	0											6	1	0			7	3		30	7	9	3		90	7															4				3		60	7	3		90	8	1	"1 2 3 4 5 6"	1	1	1	1	1	1	0	0	1	1	30	2	2	1	30	2	3	0			4	0				7	0			5	0						1	0			1	1	1	0			1	1	90	7		1	0			11	1	1	60	2	4	1	0			5	1	0			6	1	0			7	1	0			8	1	0			9	1	1	30	7	10	1	0			1	3		90	10	2	3		90	10	3	1	1	90	10	4				4				4				1	0			4				1	0			1	0			1	0			480	8.0	480	8.0	480	8.0	480	8.0					0																																																																									1	7	1	1	0		1	0	99	1	0	0	0	1	0	1	2	1	1	1	4	4	0				1	1	7	0		0								"12"	0	0	0	0	0	0	0	0	0	0	0	1	0	0	0	0	"5"	0	0	0	0	1	0	0	0	0	0	0	0	1	1	2	1	"7"	0	0	0	0	0	1	0	0	0	0	0	0	1	"1 2 3 5 6 7 8 10 11 13 18 19 20 21 22 23 24 25 26 27 28 29 30 31 32 33 38 39 40 41 42 44"	1	1	1	0	1	1	1	1	0	1	1	0	1	0	0	0	0	1	1	1	1	1	1	1	1	1	1	1	1	1	1	1	1	0	0	0	0	1	1	1	1	1	0	1	0	0	0	0	0	0	0	0	0	0	0	0	1	"2"	0	1	0	0	0	0	0	0	0																				1	"1 2"	1	1	0	0	0	1	1	"5"	0	0	0	0	1	0	0	0	0	"SPONSORSHIP OF THE PROJECT"
354012	"CSB1"	0		2	3	1	7	1	0	3	1	1	0	1	"GUARD"		3	1	1		1	7	1	3																			1	0	1	1	0	1	1	3	5	0		1	"1"	1	0	0	0	0	0	0	0	0	0		"3 5 6 7 9"	0	0	1	0	1	1	1	0	1	0	0	0	0	5	3	0		5	0		6	0		7	0		9	0									0	1	1			"1 2 3 4 5 7"	1	1	1	1	1	0	1	0	1							1							1											0										1	34		21	89	20		0			4		6	24	0		0			3	1	0			1	0			1	0			5	1	0											6	3		7	3	7	3		90	7	9	1	0																	3		14	3	3		90	2	1	0			1	"1 2 3 4 5 6"	1	1	1	1	1	1	0	0	1	0			2	0			3	0			4	0				7	0			5	0						1	0			1	1	1	0			3		60	2		1	0			11	1	0			4	1	0			5	1	0			6	1	0			7	1	0			8	1	0			9	1	0			10	1	0			1	3		14	10	2	3		14	10	3	4				1	0			1	0			3		90	7	1	0			3		90	7	1	0			1	0			1	0			10	0.1667	10	0.1667	10	0.1667	120	2.0	120	2.0	120	2.0	0																																																																									1	1	1	1	0		1	0	3	1	0	1	1	1	0	1	2	1	0	1	3	3	1	1	1	0	0	0																																										1	2		99														1	"3 5 11 18 19 20 21 22 23 24 25 26 27 28 29 30 31 32 33 34 38 39 40 41 42 43 44"	0	0	1	0	1	0	0	0	0	0	1	0	0	0	0	0	0	1	1	1	1	1	1	1	1	1	1	1	1	1	1	1	1	1	0	0	0	1	1	1	1	1	1	1	0	0	0	0	0	0	0	0	0	0	0	0					0	0	0				0																				1	"1 2"	1	1	0	0	0	0	7	"44"	0	0	0	0	0	0	0	1	0	"NO BENEFICIARY"
354028	"CSB2"	1	56	2	3	1	2	1	0	2	0	1	0	1	"GUARD"		1		1		1	2	1	3																			0	1	1	1	1	1	1	3	4	0		1	"1"	1	0	0	0	0	0	0	0	0	0		"3 5 6 7 9"	0	0	1	0	1	1	1	0	1	0	0	0	0	5	3	0		5	0		6	0		7	0		9	0									0	1	1			"1 2 3 4 5 6 7"	1	1	1	1	1	1	1	0	1							1							1											0										1	6		0	146	0		0			6		0	15	0		0			3	1	0			1	1	30	4	1	1	30	4	5	1	1	60	7									6	1	0			7	3		90	7	9	3		15	3															4				1	1	10	7	3		30	4	1	"2 3 4 5 6"	0	1	1	1	1	1	0	0	2	0			3	0			4	0			7	0				5	0										1	0			1	1	1	0			1	0				1	0			11	1	0			4	1	0			5	1	0			6	1	0			7	1	0			8	1	0			9	1	0			10	1	0			1	3		90	1	2	3		90	1	3	3		90	1	3		90	2	1	0			3		35	7	1	0			3		39	7	1	0			1	0			1	0			360	6.0	420	7.0	360	6.0							0																																																																									1	6	1	1	0		1	0	2	1	1	1	1	1	0	1	2	1	1	1	3	3	1	1	1	0	1	1	7	1	1	1	"1 4"	1	0	0	1	0	0	"3 11"	0	0	1	0	0	0	0	0	0	0	1	0	0	0	0	0	"2"	0	1	0	0	0	0	0	0	0	0	0	0	1	1	1	1	"6"	0	0	0	0	1	0	0	0	0	0	0	0	1	"19 20 21 22 23 24 25 26 27 28 29 30 31 32 33 34 38 39 40 41 42 43 44 52"	0	0	0	0	0	0	0	0	0	0	0	0	0	0	0	0	0	0	1	1	1	1	1	1	1	1	1	1	1	1	1	1	1	1	0	0	0	1	1	1	1	1	1	1	0	0	0	0	0	0	0	1	0	0	0	0	1	"1"	1	0	0	0	0	0	0	0	0																				0							1	1	"4"	0	0	0	1	0	0	0	0	0	"PRIORITIZING EMERGENCY ORDERS"
407051	"CSB2"	0		2	4	1	2	1	0	2	1	1	0	0			2	1	1			2	1	3																			1	0	0					2	4	0		0													"3 5 6 7"	0	0	1	0	1	1	1	0	0	0	0	0	0	4	3	0		5	0		6	0		7	0												0	0	0			"1 2 3 5 6 7"	1	1	1	0	1	1	1	0	0	"2"	0	1	0	0	0	1							1											0										1	10		32	45	23					4		6	2	1					3	1	0											5	3		30	7									6	3		30	7	7	1	0																						1	0			1	0			1	0			1	"1 2 3 4 5 7"	1	1	1	1	1	0	1	0	1	0			2	0			3	0			4	0				7	0			6	0						1	0			1	1	1	0			3		30	7		1	0			11	1	0			4	1	0			5	1	0			6	1	0			7	1	1	7	2	8	1	0			9	1	0			10	1	0			1	1	0			2	4				3	4				4				3		60	10	4				1	0			3		60	10	1	0			1	0			1	0			720	12.0	840	14.0	720	12.0							0																																																																									1	6	1	1	0		1	0	3	1	1	1	1	1	1	0	5	0	0	1	4	4	1	1	1	0	0	0																																										0	3		0														0																																																														0	0	0				0																				0							0	44	"44"	0	0	0	0	0	0	0	1	0	"NONE"
407090	"CSB1"	0		2	4	1	2	1	0	2	0	1	0	0			2		1			2	1	3																			1	0	0					2	4	0		0													"3 5 6 7 9"	0	0	1	0	1	1	1	0	1	0	0	0	0	5	3	0		5	0		6	0		7	0		9	0									0	0	0			"1 3 5"	1	0	1	0	1	0	0	0	1							1							1											0										1	3		10	0	4		0			0		0	0	0		0			3	1	0											5	3		30	2									6	3		60	7	7	1	0			9	1	0																	3		60	1	4				3		20	2	1	"1 2 3 4 5"	1	1	1	1	1	0	0	0	1	0			2	0			3	1	10	2	4	0				7	0										1	1	20	2	1	1	3		30	2	3		30	2		1	0			11	1	0			4	1	0			5	1	0			6	1	0			7	1	0			8	1	0			9	1	0			10	1	0			1	3		60	1	2	4				3	4				4				4				4				1	0			4				1	0			1	0			1	0			600	10.0	720	12.0	600	10.0							0																																																																									1	6	1	1	0		1	0	2	1	1	1	1	1	1	0	2	0	0	1	4	4	1	1	1	0	0	0																																										0	3		0														0																																																														0	0	0				0																				0							0	44	"44"	0	0	0	0	0	0	0	1	0	"NONE"
414049	"CSB2"	0		2	4	1	2	1	0	3	1	1	0	0			2	1	1			2	1	4										"6"	0	0	0	0	0	1	0	0	1	0	0					1	4	0		1	"1"	1	0	0	0	0	0	0	0	0	0		"3 5 6 7 9"	0	0	1	0	1	1	1	0	1	0	0	0	0	5	3	0		5	0		6	0		7	0		9	0									0	0	0			"1 2 3 4 5 6 7"	1	1	1	1	1	1	1	0	1							1							1											0										1	10		80	10	22		0			0		0	0	0		0			3	1	0											5	1	0											6	3		5	2	7	1	0			9	3		60	3															1	0			3		30	7	1	0			1	"1 2 3 4 5 7"	1	1	1	1	1	0	1	0	1	0			2	0			3	0			4	0				7	0			6	0						1	0			1	1	1	0			1	0				1	0			11	1	1	7	2	4	1	0			5	1	0			6	1	0			7	1	0			8	1	0			9	1	0			10	1	0			1	1	0			2	3		30	7	3	1	1	30	7	4				3		6	7	3		60	4	1	0			3		60	7	1	0			1	0			1	0															0																																																																									1	6	1	1	0		1	0	3	1	1	1	1	1	0	0	2	1	0	1	4	4	1	1	1	0	0	0																																										0	3		0														0																																																														0	0	0				0																				0							0	1	"5"	0	0	0	0	1	0	0	0	0	"NO BENEFICIARY"
414061	"CSB1"	1	0	2	4	1	2	1	0	2	0	1	0	1	"GUARD"		2		1		1	2	1	3																			0	0	0					3	4	1	1	0													"3 5 6 7"	0	0	1	0	1	1	1	0	0	0	0	0	0	4	3	0		5	0		6	0		7	0												0	0	0			"1 2 3 4 5 6 7"	1	1	1	1	1	1	1	0	1							1							1											0										1	8		25	11	75					4		3	6	1					3	1	0											5	3		30	7									6	3		30	7	7	3		30	7																				1	0			1	0			3		30	1	1	"2 3 5 6"	0	1	1	0	1	1	0	0	2	0			3	0			7	0			5	0															1	0			1	1	1	0			3		30	10		1	0			11	3		30	1	4	1	0			5	1	0			6	1	0			7	3		90	7	8	1	0			9	1	0			10	1	0			1	3		60	1	2	3			7	3	3			7	1	0			3			7	3			7	1	0			3			7	3		15	4	1	0			1	0			2880	48.0	4320	72.0	2880	48.0							0																																																																									1	6	1	1	1	2024-09-16	1	1	2	1	1	1	1	1	1	0	2	0	1	1	3	3	1	1	1	0	0	0																																										1	1	1	1	"4 7"	0	0	1	0	0	1	0	0	0	0	0	0	1	"1 2 3 4 5 6 7 8 9 10 11 12 13 14 15 16 17 18 19 20 21 22 23 24 25 26 27 28 29 30 31 32 33 34 35 36 37 38 39 40 41 42 43 44 45 46 47 48 49 50 51 52 53 54 55 56"	1	1	1	1	1	1	1	1	1	1	1	1	1	1	1	1	1	1	1	1	1	1	1	1	1	1	1	1	1	1	1	1	1	1	1	1	1	1	1	1	1	1	1	1	1	1	1	1	1	1	1	1	1	1	1	1					0	0	0				0																				1	"1 2"	1	1	0	0	0	0	44	"44"	0	0	0	0	0	0	0	1	0	"LATE DELIVERY"
414109	"CSB1"	0		2	4	1	2	1	0	2	0	1	0	0			1		1			2	1	3																			1	0	0					2	4	0		1	"1"	1	0	0	0	0	0	0	0	0	0		"3 5 6 7"	0	0	1	0	1	1	1	0	0	0	0	0	0	4	3	0		5	0		6	0		7	0												0	1	1			"1 2 3 5 7"	1	1	1	0	1	0	1	0	0	"1 3"	1	0	1	0	0	0	"2"	0	1	0	0	0	0	0										0										1	35		70	4	0					0		0	0	0					3	1	0			1	1	30	7	3		30	7	5	3		20	7									6	3		30	7	7	3		30	7																				3		30	7	3		30	7	1	0			1	"1 2 3 4 5"	1	1	1	1	1	0	0	0	1	1	30	7	2	0			3	1	30	7	4	0				7	0										1	0			1	1	1	0			3		30	7		1	0			11	3		30	7	4	1	0			5	1	0			6	1	0			7	3		30	7	8	1	0			9	1	0			10	1	0			1	3		30	7	2	4				3	4				3		30	1	3		30	1	4				1	0			4				1	0			1	0			1	1	60	7													0																																																																									1	6	1	1	1	2024-09-24	1	1	3	1	0	0	1	1	0	0	2	0	0	1	4	4	1	1	1	0	0	0																																										0	3		0														0																																																														0	0	0				0																				0							0	99	"5"	0	0	0	0	1	0	0	0	0	"NONE"
418016	"CSB1"	1	7	2	4	1	2	1	0	1	1	1	0	0			1	1	1			2	1	5										"5 6"	0	0	0	0	1	1	0	0	0	0	0					3	4	0		0													"3 5 6 7"	0	0	1	0	1	1	1	0	0	0	0	0	0	4	3	0		5	0		6	0		7	0												0	0	0			"1 2 3 5 7"	1	1	1	0	1	0	1	0	1							1							1											0										1	8		22	0	3					2		4	0	3					3	1	0											5	1	0											6	3		60	7	7	1	0																						3			7	3			7	3			3	1	"1 2 4 5"	1	1	0	1	1	0	0	0	1	0			2	0			4	0			7	1	60	77	"SUPPLIER LOCATED FAR AWAY, LEADING TO TRAVEL CHALLENGES."		0				0						1	0			1	1	1	0			1	0				1	0			11	1	0			4	1	0			5	1	0			6	1	0			7	1	0			8	1	0			9	1	0			10	1	0			1	1	0			2	4				3	4				1	0			3			1	3			7	3		30	1	3			1	1	0			1	0			1	0			2880	48.0	4320	72.0	2880	48.0							0																																																																									1	6	1	1	0		1	0	3	0	1	1	1	1	1	0	5	0	1	1	2	2	1	1	1	0	1	1	2	1	2	1	"4"	0	0	0	1	0	0	"1 6 12"	1	0	0	0	0	1	0	0	0	0	0	1	0	0	0	0	"44"	0	0	0	0	0	0	0	0	0	0	1	0	1	1	1	1	"2 4 5 7"	1	0	1	1	0	1	0	0	0	0	0	0	1	"1 2 3 4 5 6 7 8 9 10 11 12 13 14 15 16 17 18 19 20 21 22 23 24 25 26 27 28 29 30 31 32 33 34 35 36 37 38 39 40 41 42 43 44 45 46 47 48 49 50 51 52 53 54 55 56"	1	1	1	1	1	1	1	1	1	1	1	1	1	1	1	1	1	1	1	1	1	1	1	1	1	1	1	1	1	1	1	1	1	1	1	1	1	1	1	1	1	1	1	1	1	1	1	1	1	1	1	1	1	1	1	1	1	"4"	0	0	0	1	0	0	0	0	0																				0							1	5	"44"	0	0	0	0	0	0	0	1	0	"LATE DELIVERY/INCLUD OTHER MEDICATION"
418022	"CSB2"	1	8	2	4	1	2	1	0	2	1	1	0	1	"GUARD"		2	1	1		1	2	1	3																			0	0	1	1	1	1	1	3	4	1	1	1	"1"	1	0	0	0	0	0	0	0	0	1	2	"3 5 6 7"	0	0	1	0	1	1	1	0	0	0	0	0	0	4	3	0		5	0		6	0		7	0												0	0	0			"1 2 3 4 5 6 7"	1	1	1	1	1	1	1	0	1							1							1											0										1	12		37	10	11					0		15	6	0					3	3		60	7									5	3		30	4									6	3		30	4	7	3			7																				3			7	1	0			1	0			3																																						1	0			1	1	1	0			3			7		1	0			11	1	0			4	1	0			5	1	0			6	1	0			7	1	0			8	1	0			9	1	0			10	1	0			1	1	0			2	3			7	3	4				1	0			3			1	3			7	1	0			3			7	1	0			1	0			1	0			4320	72.0	4320	72.0	4320	72.0							0																																																																									1	6	1	1	0		99	0	99	1	1	1	1	1	0	1	2	0	1	1	4	4	0				1	1	2	0		1	"4"	0	0	0	1	0	0	"7 12"	0	0	0	0	0	0	1	0	0	0	0	1	0	0	0	0	"3 5 8"	0	0	1	0	1	0	0	1	0	0	0	0	1	1	2	1	"2 4 5 6 7"	1	0	1	1	1	1	0	0	0	0	0	0	1	"1 2 3 4 5 6 7 8 9 10 11 12 13 14 15 16 17 18 19 20 21 22 23 24 25 26 27 28 29 30 31 32 33 34 35 36 37 38 39 40 41 42 43 44 45 46 47 48 49 50 51 52 53 54 55 56"	1	1	1	1	1	1	1	1	1	1	1	1	1	1	1	1	1	1	1	1	1	1	1	1	1	1	1	1	1	1	1	1	1	1	1	1	1	1	1	1	1	1	1	1	1	1	1	1	1	1	1	1	1	1	1	1	1	"2 4"	0	1	0	1	0	0	0	0	1	"2"	0	1	0	0	0	0	0	0		"1 2 3 4 5"	1	1	1	1	1	0	0	0	1	"1 2"	1	1	0	0	0	0	5	"2"	0	1	0	0	0	0	0	0	0	"INCLUD OTHER MEDICATION"
418069	"CSB1"	0		2	4	1	2	1	0	2	0	1	0	2	"GUARD"		2		1		2	2	1	3																			0	0	0					3	4	0		0													"5 6 7"	0	0	0	0	1	1	1	0	0	0	0	0	0	3	5	0		6	0		7	0															0																																							0										1			43	15	10							9	0	0					5	3		15	4									6	3		30	4									7	3		60	7																									3			7	3			1	3		60	4	1	"1 2 3 4"	1	1	1	1	0	0	0	0	1	0			2	0			3	0			4	0															1	0			1	1	1	0			1	0				1	0			11	1	0			4	1	0			5	1	0			6	1	0			7	1	0			8	1	0			9	1	0			10	1	0			1	1	0			2	1	0			3	3			7	1	0			3			1	3		30	4	1	0			3		60	4	1	0			1	0			3		60	7	2880	48.0	4320	72.0	2880	48.0							0																																																																									1	6	1	1	0		1	0	1	1	1	1	1	1	1	0	5	0	1	1	3	3	1	2	1	1	0	0																																										0	1	2	1	"2 4 5 7"	1	0	1	1	0	1	0	0	0	0	0	0	1	"1 2 3 4 5 6 7 8 10 11 12 13 14 15 16 17 18 19 20 21 22 23 24 25 26 27 28 29 30 31 32 33 34 35 36 37 38 39 40 41 42 43 44 45 46 47 48 49 50 51 52 53 54 55 56"	1	1	1	1	1	1	1	1	0	1	1	1	1	1	1	1	1	1	1	1	1	1	1	1	1	1	1	1	1	1	1	1	1	1	1	1	1	1	1	1	1	1	1	1	1	1	1	1	1	1	1	1	1	1	1	1					0	0	0				0																				0							99	5	"44"	0	0	0	0	0	0	0	1	0	"NONE"
427021	"CSB1"	0		2	4	1	2	1	0	1	2	1	0	1	"GUARD"		1	2	1		1	2	1	3																			0	0	0					3	4	1	1	0													"3 5 6 7"	0	0	1	0	1	1	1	0	0	0	0	0	0	4	3	0		5	0		6	0		7	0												0	0	0			"1 2 3 4 5 6 7"	1	1	1	1	1	1	1	0	1							1							1											0										1	43		215	120	75					1		23	0	0					3	1	0											5	3		15	4									6	3		90	7	7	3		60	7																				3			7	1	0			3		30	4	1	"1 2 4 5"	1	1	0	1	1	0	0	0	1	0			2	0			4	0			7	0															1	0			0	1	3		90	7	3		90	7		1	0			11	1	0			4	1	0			5	1	0			6	1	0			7	1	0			8	1	0			9	1	0			10	1	0			1	3		60	10	2	4				3	4				1	0			3			7	3			7	1	0			3		90	7	1	0			3		60	7	1	0			4320	72.0	4320	72.0	4320	72.0							0																																																																									1	6	1	1	0		1	0	2	1	1	1	1	1	1	0	2	0	1	1	4	4	1	1	1	0	0	0																																										0	3		99														99																																																														0	0	0				0																				1	"1 2"	1	1	0	0	0	0	99	"44"	0	0	0	0	0	0	0	1	0	"NONE"
427089	"CSB2"	1	0	2	4	1	7	1	0	1	2	1	0	1	"GUARD"		1	2	1		1	7	1	3																			0	0	0					3	4	1	1	0													"3 5 6 7"	0	0	1	0	1	1	1	0	0	0	0	0	0	4	3	0		5	0		6	0		7	0												0	0	0			"1 2 3 4 5 6"	1	1	1	1	1	1	0	0	1							1							1											0										1	43		110	132	41					3		6	0	0					3	1	0											5	3		15	4									6	3		30	7	7	3			7																				3			7	3			7	3		90	7	1	"1 2 3 4 5"	1	1	1	1	1	0	0	0	1	0			2	0			3	0			4	0				7	0										1	0			1	1	3		90	7	3		90	7		3		60	2	11	1	0			4	1	0			5	1	0			6	1	0			7	1	0			8	1	0			9	1	0			10	1	0			1	3			10	2	3			10	3	3			10	3			1	3			1	3			1	3		30	4	3			1	3		30	4	1	0			1	0			3180	53.0	4320	72.0	3180	53.0							0																																																																									1	6	1	1	0		0	0	1	1	1	1	1	1	1	1	2	0	1	1	3	3	0				0	0																																										0	3		1	"2 4 5 6 7"	1	0	1	1	1	1	0	0	0	0	0	0	0																																																														0	0	0				0																				1	"1 2"	1	1	0	0	0	0	99	"1 4 44"	1	0	0	1	0	0	0	1	0	"NONE"
427108	"CSB1"	1	6	2	4	1	2	1	0	1	1	1	0	1	"GUARD"		1	1	1		1	2	1	3																			0	0	1	1	1	1	1	3	4	0		0													"5 6 7 9"	0	0	0	0	1	1	1	0	1	0	0	0	0	4	5	0		6	0		7	0		9	0			0									0																																							0										1			9	0	0		2					0	0	0		1			5	1	0											6	3		60	2									7	3			10	9	1	0																						3			7	3		90	7	1	0			1	"1 2 4 5"	1	1	0	1	1	0	0	0	1	0			2	0			4	0			7	0															1	0			1	1	1	0			3		90	2		1	0			11	1	0			4	1	0			5	1	0			6	1	0			7	1	0			8	1	0			9	1	0			10	1	0			1	3			10	2	3			10	3	3			10	3			7	3			7	3		90	1	1	0			3		90	7	1	0			1	0			1	0			2880	48.0	4320	72.0	2880	48.0							0																																																																									1	6	1	1	0		1	0	99	1	1	1	1	1	0	1	2	1	1	1	3	3	1	1	1	0	1	1	1	0		1	"4"	0	0	0	1	0	0	"5 12"	0	0	0	0	1	0	0	0	0	0	0	1	0	0	0	0	"44"	0	0	0	0	0	0	0	0	0	0	1	0	1	1	2	1	"2 4 7"	1	0	1	0	0	1	0	0	0	0	0	0	1	"1 2 3 4 5 6 7 8 9 10 11 12 13 14 15 16 17 18 19 20 21 22 23 24 25 26 27 28 29 30 31 32 33 34 35 36 37 38 39 40 41 42 43 44 45 46 47 48 49 50 51 52 53 54 55 56"	1	1	1	1	1	1	1	1	1	1	1	1	1	1	1	1	1	1	1	1	1	1	1	1	1	1	1	1	1	1	1	1	1	1	1	1	1	1	1	1	1	1	1	1	1	1	1	1	1	1	1	1	1	1	1	1	1	"5"	0	0	0	0	1	0	0	0	1	"2"	0	1	0	0	0	0	0	0		"3 4"	0	0	1	1	0	0	0	0	1	"1 2"	1	1	0	0	0	0	5	"1"	1	0	0	0	0	0	0	0	0	"COMMUNICATION PROBLEM WITH RECIPIENT"
437010	"CSB1"	0		2	4	1	2	1	0	1	1	1	0	2	"GUARD/TREASURER"		1	1	1		2	2	0	4										"5"	0	0	0	0	1	0	0	0	1	0	0					3	4	0		1	"1"	1	0	0	0	0	0	0	0	0	0		"5 6 7 9"	0	0	0	0	1	1	1	0	1	0	0	0	0	4	5	0		6	0		7	0		9	0												0																																							0										1			32	0	0		15					9	0	0		6			5	3		30	7									6	3		60	7									7	3		30	7	9	1	0																						1	0			3		7	7	1	0			1	"1 2 3 4 5 7"	1	1	1	1	1	0	1	0	1	0			2	0			3	0			4	0				7	0			6	0						1	0			1	1	1	0			1	0				1	0			11	3		30	7	4	1	0			5	1	0			6	1	0			7	3		30	7	8	1	0			9	1	0			10	1	0			1	3		30	10	2	4				3	4				4				4				4				1	0			4				1	0			1	0			1	0			540	9.0	540	9.0	480	8.0							0																																																																									1	6	1	1	1	2024-08-26	1	1	3	1	1	0	1	1	1	0	4	0	0	1	4	4	1	1	1	0	0	0																																										0	3		0														0																																																														0	0	0				0																				0							0	88	"5"	0	0	0	0	1	0	0	0	0	"NONE"
437040	"CSB2"	1	7	2	4	1	2	1	0	1	1	1	0	0			1	1	1			2	0	1	"1 4"	1	0	0	1	0	0	0	0										1	0	0					3	4	0		0													"3 5 6 7 9"	0	0	1	0	1	1	1	0	1	0	0	0	0	5	3	0		5	0		6	0		7	0		9	0									0	1	1			"1 2 3 4 5 6 7"	1	1	1	1	1	1	1	0	1							1							0	0										0										1	29		37	10	5		3			0		0	0	0		0			3	1	0			1	0			1	0			5	3		60	7									6	3		60	7	7	3		60	7	9	3		60	7															4				1	0			1	0			1	"1 2 3 4 5 7"	1	1	1	1	1	0	1	0	1	0			2	0			3	1	30	7	4	0				7	0			6	0						1	0			1	1	1	0			1	0				1	0			11	1	0			4	1	0			5	1	0			6	1	0			7	1	0			8	1	0			9	1	0			10	1	0			1	3		60	10	2	4				3	4				1	0			4				3		60	10	1	0			4				1	0			3		60	10	1	0			600	10.0	720	12.0	600	10.0							1	2024-08-01	"55"	0	0	0	0	0	0	0	0	0	0	0	0	0	0	0	0	0	0	0	0	0	0	0	0	0	0	0	0	0	0	0	0	0	0	0	0	0	0	0	0	0	0	0	0	0	0	0	0	0	0	0	0	0	0	1	0	"2"	0	1	0	0	0		"1"	1	0	0	0	0	0	1	5	1	1	0		1	0	1	1	1	1	1	0	1	0	4	0	0	1	4	4	1	1	1	0	1	1	1	0		0								"12"	0	0	0	0	0	0	0	0	0	0	0	1	0	0	0	0	"44"	0	0	0	0	0	0	0	0	0	0	1	0	1	1	1	1	"6 7"	0	0	0	0	1	1	0	0	0	0	0	0	1	"1 5 11 12 18 19 20 21 22 23 24 25 38 39 40 41 42 43"	1	0	0	0	1	0	0	0	0	0	1	1	0	0	0	0	0	1	1	1	1	1	1	1	1	0	0	0	0	0	0	0	0	0	0	0	0	1	1	1	1	1	1	0	0	0	0	0	0	0	0	0	0	0	0	0	1	"2"	0	1	0	0	0	0	0	0	0																				0							0	6	"2"	0	1	0	0	0	0	0	0	0	"COMMUNICATION PROBLEM WITH RECIPIENT"
444007	"CSB1"	0		2	4	1	7	1	0	1	1	1	0	0			0	1	1			3	1	3																			0	0	1	1	1	1	0	3	4	0		1	"1"	1	0	0	0	0	0	0	0	0	1	1	"3 5 6 7 9 13"	0	0	1	0	1	1	1	0	1	0	0	0	1	6	3	0		5	0		6	0		7	0		9	0		13	0						0	1	1			"1 2 5 7"	1	1	0	0	1	0	1	0	1							1							1											0										1	13		187	0	48		0		0	0		4	0	0		0		0	3	1	0			1	0			1	0			5	3		60	7									6	3		60	7	7	3		90	7	9	1	0			13	1	0												3		90	7	1	0			1	0			1	"1 2 3 4 5"	1	1	1	1	1	0	0	0	1	0			2	0			3	0			4	0				7	0										1	0			1	1	3		21	4	3		21	4		1	0			11	1	0			4	1	0			5	1	0			6	1	0			7	1	0			8	1	0			9	1	0			10	1	0			1	1	0			2	4				3	4				1	0			3		90	7	3		90	7	1	0			3		90	7	1	0			1	0			1	0															1	2024-07-01	"1"	1	0	0	0	0	0	0	0	0	0	0	0	0	0	0	0	0	0	0	0	0	0	0	0	0	0	0	0	0	0	0	0	0	0	0	0	0	0	0	0	0	0	0	0	0	0	0	0	0	0	0	0	0	0	0	0	"1 2"	1	1	0	0	0		"3"	0	0	1	0	0	0	1	1	1	1	1	2024-07-22	1	1	3	1	0	1	1	1	0	1	2	0	1	1	3	3	1	1	1	0	0	0																																										0	99		99														99																																																														0	0	0				99																				99							99	99	"5"	0	0	0	0	1	0	0	0	0	"NONE"
444023	"CSB1"	0		2	4	1	2	1	0	1	2	1	0	0			1	1	0			3	0	3																			0	0	1	1	1	1	0	3	5	0		0													"3 5 6 7"	0	0	1	0	1	1	1	0	0	0	0	0	0	4	3	1	2500	5	0		6	0		7	0												0	1	1			"2"	0	1	0	0	0	0	0	0	1							0	"2 3 4"	0	1	1	1	0	0	1										0										1	1		10	0	0					1		5	0	0					3	3		90	7	1	0			1	0			5	1	0											6	3		90	7	7	3		90	7																				1	0			3		30	5	1	0			1	"1 2 4 5"	1	1	0	1	1	0	0	0	1	0			2	0			4	0			7	0															1	0			1	1	1	0			1	0				1	0			11	3		7	4	4	1	0			5	1	0			6	1	0			7	1	0			8	1	0			9	1	0			10	1	0			1	3		90	10	2	4				3	4				1	0			4				3		90	7	1	0			3		90	7	1	0			1	0			1	0															0																																																																									0	6	1	1	0		1	0	99	1	1	1	1	1	0	1	2	0	1	1	4	4	1	1	1	0	88	99																																										1	1	2	1	"2 4 5 6 7"	1	0	1	1	1	1	0	0	0	0	0	0	1	"1 2 3 4 5 6 8 10 11 12 15 16 17 19 20 21 22 23 24 25 28"	1	1	1	1	1	1	0	1	0	1	1	1	0	0	1	1	1	0	1	1	1	1	1	1	1	0	0	1	0	0	0	0	0	0	0	0	0	0	0	0	0	0	0	0	0	0	0	0	0	0	0	0	0	0	0	0					0	0	0				0																				0							0	99	"5"	0	0	0	0	1	0	0	0	0	"NONE"
444054	"CSB1"	0		2	4	1	2	1	0	2	0	1	0	0			1		1			2	1	3																			1	0	0					3	4	0		1	"1"	1	0	0	0	0	0	0	0	0	0		"5 6 7"	0	0	0	0	1	1	1	0	0	0	0	0	0	3	5	0		6	0		7	0															0																																							0										1			73	4	0							0	0	0					5	3		15	2									6	3		15	2									7	3		50	2																									3		60	7	3		50	2	1	0			1	"1 2 3 4 5"	1	1	1	1	1	0	0	0	1	1	30	7	2	0			3	0			4	0				7	0										1	0			1	1	3		90	7	3		90	7		1	0			11	1	1	60	7	4	1	0			5	1	0			6	1	0			7	1	1	30	7	8	1	0			9	1	0			10	1	0			1	3		90	10	2	3		90	7	3	3		90	7	4				4				4				1	0			4				1	0			1	0			3		15	2													0																																																																									1	6	1	1	0		1	0	3	1	1	1	1	1	0	1	2	0	1	1	4	4	1	1	1	0	0	0																																										0	88		88														88																																																														0	0	0				88																				88							88	88	"44"	0	0	0	0	0	0	0	1	0	"ALL THE ISOLATED FACILITY SHOULD BENEFICIT FROM DRONE"
444060	"CSB2"	0		2	4	1	2	1	0	4	3	1	0	1	"GUARD"		4	3	1		1	2	1	3																			1	0	0					2	4	1	1	0													"3 5 6 7"	0	0	1	0	1	1	1	0	0	0	0	0	0	4	3	0		5	0		6	0		7	0			0									0	1	1			"1 2 3 4 5 7"	1	1	1	1	1	0	1	0	1							1							1											1	"1 2 3 4 5 7 8"	1	1	1	1	1	0	1	1	1	16		26	8	50					2		18	0	0					3	1	0			1	0			1	0			5	1	1	60	7									6	3		60	7	7	3		60	7																				3			1	3		90	7	1	0			1	"1 2 3 4 5 6"	1	1	1	1	1	1	0	0	1	0			2	0			3	1	60	7	4	0				7	0			5	0						1	0			1	1	1	1	60	7	3			7		1	0			11	1	1	90	7	4	1	0			5	1	0			6	1	0			7	1	1	90	7	8	1	0			9	1	0			10	1	0			1	3		30	7	2	3		30	7	3	3		30	7	3			7	3			7	3		90	7	1	0			3		90	7	1	0			1	0			1	0			2880	48.0	4320	72.0	2880	48.0	15	0.25	15	0.25	15	0.25	0																																																																									1	6	1	1	1	2024-10-09	1	1	2	1	0	1	1	1	1	1	5	1	1	1	2	2	0				0	0																																										0	3		1	"2 5 6 7"	1	0	0	1	1	1	0	0	0	0	0	0	1	"1 2 3 4 5 6 7 8 9 10 11 12 13 15 16 17 18 19 20 21 22 23 24 25 26 27 28 29 30 31 32 33 34 35 36 37 38 39 40 41 42 43 44 45 48 49 50 51 52 53 54 55 56"	1	1	1	1	1	1	1	1	1	1	1	1	1	0	1	1	1	1	1	1	1	1	1	1	1	1	1	1	1	1	1	1	1	1	1	1	1	1	1	1	1	1	1	1	1	0	0	1	1	1	1	1	1	1	1	1					0	0	0				0																				0							0	99	"5"	0	0	0	0	1	0	0	0	0	"NONE"
444072	"CSB1"	1	6	2	4	1	2	1	0	1	1	1	0	1	"GUARD"		1	0	1		1	2	1	3																			0	0	0					3	5	1	1	1	"1"	1	0	0	0	0	0	0	0	0	0		"3 5 6 7 9"	0	0	1	0	1	1	1	0	1	0	0	0	0	5	3	0		5	0		6	0		7	0		9	0									0	0	0			"1 2 3 4 5 7"	1	1	1	1	1	0	1	0	1							1							1											0										1	1		28	0	2		1			1		4	0	1		1			3	3		60	4									5	3		60	4									6	3		60	4	7	3		60	4	9	3		60	4															3			7	3		60	7	1	0			1	"1 2 3 4 6"	1	1	1	1	0	1	0	0	1	1	60	7	2	1	30	7	3	0			4	0				5	0										1	0			1	1	3			7	3			7		1	0			11	3		60	7	4	1	0			5	1	0			6	1	0			7	1	0			8	1	0			9	1	0			10	1	0			1	3		30	10	2	3			7	3	3			7	3			7	3			7	3			7	1	0			3			7	1	0			1	0			1	0			2880	48.0	4320	72.0	2880	48.0							1	2024-07-01	"38 52"	0	0	0	0	0	0	0	0	0	0	0	0	0	0	0	0	0	0	0	0	0	0	0	0	0	0	0	0	0	0	0	0	0	0	0	0	0	1	0	0	0	0	0	0	0	0	0	0	0	0	0	1	0	0	0	0	"1 2"	1	1	0	0	0		"1 2"	1	1	0	0	0	0	1	6	1	1	0		1	0	99	1	1	1	1	1	1	0	5	0	0	1	2	2	1	1	1	0	1	1	2	0		1	"4"	0	0	0	1	0	0	"1 6 9 13"	1	0	0	0	0	1	0	0	1	0	0	0	1	0	0	0	"2 5 9"	0	1	0	0	1	0	0	0	1	0	0	0	1	1	2	1	"2 6 7 8"	1	0	0	0	1	1	1	0	0	0	0	0	1	"1 2 3 4 5 6 7 8 10 11 12 15 16 17 18 19 20 21 22 23 24 25 26 27 28 29 30 31 32 33 34 38 39 40 41 42 43 44 45 48 49 50 51 52 53 54 55 56"	1	1	1	1	1	1	1	1	0	1	1	1	0	0	1	1	1	1	1	1	1	1	1	1	1	1	1	1	1	1	1	1	1	1	0	0	0	1	1	1	1	1	1	1	1	0	0	1	1	1	1	1	1	1	1	1	1	"5"	0	0	0	0	1	0	0	0	1	"2 5"	0	1	0	0	1	0	0	0		"3 4"	0	0	1	1	0	0	0	0	1	"1 2"	1	1	0	0	0	0	5	"2 4"	0	1	0	1	0	0	0	0	0	"NETWORK PROBLEM"
444075	"CSB1"	1	14	2	4	1	2	1	0	4	0	1	0	1	"GUARD"		4		1		1	2	1	3																			0	0	0					3	4	0		0													"3 5 6 7"	0	0	1	0	1	1	1	0	0	0	0	0	0	4	3	0		5	0		6	0		7	0												0	0	0			"1 2 3 4 5 7"	1	1	1	1	1	0	1	0	1							1							1											0										1	2		16	0	0					2		3	0	0					3	1	0											5	1	0											6	3			7	7	3		60	7																				3			1	3			1	1	0			1	"1 2 3 4 5"	1	1	1	1	1	0	0	0	1	0			2	0			3	0			4	0				7	0										1	0			1	1	1	0			3		60	3		1	0			11	1	0			4	1	0			5	1	0			6	1	0			7	1	0			8	1	0			9	1	0			10	1	0			1	3			1	2	3			1	3	3			1	1	0			3			1	3			7	1	0			3			7	1	0			1	0			1	0			4320	72.0	4320	72.0	4320	72.0							1	2024-08-01	"5 11"	0	0	0	0	1	0	0	0	0	0	1	0	0	0	0	0	0	0	0	0	0	0	0	0	0	0	0	0	0	0	0	0	0	0	0	0	0	0	0	0	0	0	0	0	0	0	0	0	0	0	0	0	0	0	0	0	"2"	0	1	0	0	0		"1"	1	0	0	0	0	0	1	6	1	1	0		0	0	2	1	1	1	1	1	1	0	5	0	1	1	2	2	1	1	1	0	1	1	3	0		0								"6 9"	0	0	0	0	0	1	0	0	1	0	0	0	0	0	0	0	"5 9"	0	0	0	0	1	0	0	0	1	0	0	0	1	2		1	"2 4 5 7"	1	0	1	1	0	1	0	0	0	0	0	0	1	"18 19 20 21 22 23 24 25 26 27 28 29 32 33"	0	0	0	0	0	0	0	0	0	0	0	0	0	0	0	0	0	1	1	1	1	1	1	1	1	1	1	1	1	0	0	1	1	0	0	0	0	0	0	0	0	0	0	0	0	0	0	0	0	0	0	0	0	0	0	0	1	"99"	0	0	0	0	0	1	0	0	0																				1	"1 2"	1	1	0	0	0	0	5	"4"	0	0	0	1	0	0	0	0	0	"COMMUNICATION PROBLEM WITH RECIPIENT"
445029	"CSB1"	1	0	2	4	1	2	1	0	2	1	1	0	1	"GUARD"		2	1	1		1	2	1	3																			0	0	0					3	4	1	1	0													"3 5 6 7"	0	0	1	0	1	1	1	0	0	0	0	0	0	4	3	0		5	0		6	0		7	0												0	0	0			"1 2 3 4 6 7"	1	1	1	1	0	1	1	0	0	"3"	0	0	1	0	0	1							1											0										1	44		172	89	113					0		15	0	0					3	3		90	7									5	1	1	7	4									6	3		90	7	7	3		60	7																				3			1	3		60	10	3		60	7	1	"1 2 3 4 5"	1	1	1	1	1	0	0	0	1	0			2	0			3	0			4	0				7	0										1	0			1	1	1	0			1	0				1	0			11	3		30	10	4	1	0			5	1	0			6	1	0			7	1	0			8	1	0			9	1	0			10	1	0			1	3		30	10	2	3			10	3	3			10	1	0			3		90	7	1	0			1	0			3			7	1	0			3		60	4	1	0			2880	48.0	4320	72.0	2880	48.0							0																																																																									1	6	1	1	0		1	0	2	1	1	1	1	1	1	0	5	0	1	1	3	3	1	1	1	0	1	0																																										1	2		1	"2 4 5 6"	1	0	1	1	1	0	0	0	0	0	0	0	1	"1 2 3 4 5 6 7 8 9 10 11 12 13 14 15 16 17 18 19 20 21 22 23 24 25 26 27 28 29 30 31 32 33 34 35 36 37 38 39 40 41 42 43 44 45 46 47 48 49 50 51 52 53 54 55 56"	1	1	1	1	1	1	1	1	1	1	1	1	1	1	1	1	1	1	1	1	1	1	1	1	1	1	1	1	1	1	1	1	1	1	1	1	1	1	1	1	1	1	1	1	1	1	1	1	1	1	1	1	1	1	1	1	1	"2 4"	0	1	0	1	0	0	0	0	1	"2 77"	0	1	0	0	0	0	0	1	"DRONE LANDING SITE IS NOT ACCESSIBLE"	"99"	0	0	0	0	0	1	0	0	1	"1 2"	1	1	0	0	0	0	5	"1"	1	0	0	0	0	0	0	0	0	"TRAINING FOR ALL STAFF"
445058	"CSB1"	1	13	2	4	1	2	1	0	3	1	1	0	2	"GUARD"		2	0	1		1	2	1	2	"2 5 6 7"	0	1	0	0	1	1	1	0										0	0	0					3	4	0		0													"3 5 6 7"	0	0	1	0	1	1	1	0	0	0	0	0	0	4	3	0		5	0		6	0		7	0												0	1	1			"1 3 4 7"	1	0	1	1	0	0	1	0	0	"1 3 4"	1	0	1	1	0	1							1											0										1	0		97	0	41					0		25	0	0					3	3			2	3			2	3			2	5	3		15	4									6	3		60	4	7	1	0																						3			7	3			7	3			7	1	"1 2 5"	1	1	0	0	1	0	0	0	1	0			2	0			7	0																			3		15	4	1	1	1	0			3		60	4		1	0			11	1	0			4	1	0			5	1	0			6	1	0			7	1	0			8	1	0			9	1	0			10	1	0			1	3			4	2	3			1	3	3			1	1	0			1	0			3		60	4	1	0			3		90	1	1	0			1	0			3		90	4	2880	48.0	4320	72.0	2880	48.0							0																																																																									1	6	1	1	0		1	0	1	1	1	1	1	1	1	1	2	0	1	1	4	4	1	1	1	0	1	1	2	0		0								"1 12"	1	0	0	0	0	0	0	0	0	0	0	1	0	0	0	0	"1 8"	1	0	0	0	0	0	0	1	0	0	0	0	1	2		1	"2 4 7"	1	0	1	0	0	1	0	0	0	0	0	0	1	"1 2 3 4 5 6 7 8 9 10 11 12 13 14 15 16 17 18 19 20 21 22 23 24 25 26 27 28 29 30 31 32 33 34 35 36 37 38 39 40 41 42 43 44 45 46 47 48 49 50 52 54 55 56"	1	1	1	1	1	1	1	1	1	1	1	1	1	1	1	1	1	1	1	1	1	1	1	1	1	1	1	1	1	1	1	1	1	1	1	1	1	1	1	1	1	1	1	1	1	1	1	1	1	1	0	1	0	1	1	1	1	"4"	0	0	0	1	0	0	0	0	1	"2"	0	1	0	0	0	0	0	0		"1 2 3"	1	1	1	0	0	0	0	0	1	"1 2"	1	1	0	0	0	0	5	"2"	0	1	0	0	0	0	0	0	0	"TRAINING FOR ALL STAFF/INCLUD OTHER MEDICATION"
536039	"CSB1"	1	0	1	5	2	2	1	0	1	1	1	8	1	"GUARD"		1	0	0	0	1	2	1	3																			0	0	0					3	3	0		0													"3 5 6 7 9"	0	0	1	0	1	1	1	0	1	0	0	0	0	5	3	1	1000	5	0		6	0		7	0		9	0									0	1	1			"1 2 3 4 5 7"	1	1	1	1	1	0	1	0	1							1							1											0										1	2		0	6	0		0			0		0	1	0		0			3	1	0			1	0			1	0			5	1	0											6	1	0			7	1	0			9	1	0																	3		3	5	3		90	2	1	1	15	2	1	"1 2 3 4 5 7"	1	1	1	1	1	0	1	0	1	0			2	0			3	0			4	0				7	0			6	0						1	0			1	1	1	0			1	0				1	0			11	1	0			4	1	0			5	1	0			6	1	0			7	1	0			8	1	0			9	3		4	2	10	1	0			1	4				2	4				3	4				4				4				4				1	0			4				1	0			1	0			1	0			840	14.0	1680	28.0	720	12.0							0																																																																									0	6	1	1	0		1	0	1	0	1	1	1	1	1	0	5	0	0	1	3	4	1	1	1	0	0	0																																										1	2		1	"2 7"	1	0	0	0	0	1	0	0	0	0	0	0	1	"1 2 5 11 12 13 18 19 20 21 22 23 24 25 38 39 40 41 42 43"	1	1	0	0	1	0	0	0	0	0	1	1	1	0	0	0	0	1	1	1	1	1	1	1	1	0	0	0	0	0	0	0	0	0	0	0	0	1	1	1	1	1	1	0	0	0	0	0	0	0	0	0	0	0	0	0					0	0	0				0																				1	"1 2"	1	1	0	0	0	0	6	"1 3"	1	0	1	0	0	0	0	0	0	"TRAINING FOR ALL STAFF"
536063	"CSB1"	1	23	1	5	1	7	1	0	0	2	1	6	1	"GUARD"			2	0	0	1	7	1	3																			0	0	0					3	4	0		0													"3 5 6 7"	0	0	1	0	1	1	1	0	0	0	0	0	0	4	3	0		5	0		6	0		7	0												0	1	1			"1 2 3"	1	1	1	0	0	0	0	0	0	"3"	0	0	1	0	0	1							1											0										1	0		45	42	15					0		40	2	5					3	3		90	2	3		90	2	3		90	2	5	1	0											6	1	0			7	1	0																						1	0			4				1	0			1	"1 2 3 4 5"	1	1	1	1	1	0	0	0	1	0			2	0			3	0			4	0				7	0										1	0			1	1	1	0			1	0				1	0			11	4				4	4				5	4				6	4				7	4				8	4				9	4				10	4				1	4				2	4				3	4				4				4				4				1	0			4				1	0			1	0			1	0			1020	17.0	2160	36.0	1020	17.0							0																																																																									0	5	1	1	1	2024-09-12	1	0	0	0	1	1	1	1	0	0	5	0	0	1	3	4	0				1	1	17	1	1	1	"2 4"	0	1	0	1	0	0	"1 2 6"	1	1	0	0	0	1	0	0	0	0	0	0	0	0	0	0	"2 5"	0	1	0	0	1	0	0	0	0	0	0	0	1	1	2	1	"7"	0	0	0	0	0	1	0	0	0	0	0	0	1	"1 2 5 6 8 10 11 12 19 20 21 22 23 24 25 38 39 40 41 42 43"	1	1	0	0	1	1	0	1	0	1	1	1	0	0	0	0	0	0	1	1	1	1	1	1	1	0	0	0	0	0	0	0	0	0	0	0	0	1	1	1	1	1	1	0	0	0	0	0	0	0	0	0	0	0	0	0	1	"88"	0	0	0	0	0	0	1	0	1	"5"	0	0	0	0	1	0	0	0		"1 2 3 5"	1	1	1	0	1	0	0	0	0							0	6	"5"	0	0	0	0	1	0	0	0	0	"TRAINING FOR ALL STAFF"
536085	"CSB2"	0		1	5	1	2	1	0	1	1	1	12	1	"GUARD"		0	1	0	0	1	7	1	2	"3 4 5"	0	0	1	1	1	0	0	0										0	0	0					3	4	0		0													"3 5 6 7"	0	0	1	0	1	1	1	0	0	0	0	0	0	4	3	0		5	0		6	0		7	0												0	1	1			"1 2 3 4 5"	1	1	1	1	1	0	0	0	1							1							1											1	"1"	1	0	0	0	0	0	0	0	1	0		27	34	5					0		7	9	1					3	1	0			1	0			1	0			5	1	0											6	1	0			7	1	0																						3		30	2	4				1	0			1	"1 2 3 4 5"	1	1	1	1	1	0	0	0	1	0			2	0			3	0			4	0				7	0										3		2	2	1	1	3		30	2	1	1	30	2		1	0			11	3		30	2	4	1	0			5	1	0			6	1	0			7	1	0			8	1	0			9	1	0			10	1	0			1	4				2	4				3	4				4				4				4				3		30	2	4				1	0			1	0			1	0			720	12.0	2160	36.0	720	12.0							1	2024-08-01	"14 25 42 43"	0	0	0	0	0	0	0	0	0	0	0	0	0	1	0	0	0	0	0	0	0	0	0	0	1	0	0	0	0	0	0	0	0	0	0	0	0	0	0	0	0	1	1	0	0	0	0	0	0	0	0	0	0	0	0	0	"2"	0	1	0	0	0		"3"	0	0	1	0	0	0	1	6	1	1	0		0	1	1	1	1	1	1	1	0	0	5	0	0	1	3	4	1	1	1	0	0	0																																										0	3		1	"2 7"	1	0	0	0	0	1	0	0	0	0	0	0	1	"1 2 5 11"	1	1	0	0	1	0	0	0	0	0	1	0	0	0	0	0	0	0	0	0	0	0	0	0	0	0	0	0	0	0	0	0	0	0	0	0	0	0	0	0	0	0	0	0	0	0	0	0	0	0	0	0	0	0	0	0					0	0	0				99																				1	"1 2"	1	1	0	0	0	0	2	"1 3"	1	0	1	0	0	0	0	0	0	"TRAINING FOR ALL STAFF"
612047	"CSB2"	0		3	6	2	2	1	1	1	2	1	1	1	"GUARD"	0	1	2	1	1	1	1	1	4										"5"	0	0	0	0	1	0	0	0	0	0	1	1	1	1	0	3	4	1	1	1	"1"	1	0	0	0	0	0	0	0	0	0		"3 5 6 7 9"	0	0	1	0	1	1	1	0	1	0	0	0	0	5	3	1	2000	5	0		6	0		7	0		9	0									0	1	1			"1 2"	1	1	0	0	0	0	0	0	1							1							1											0										1	3		60	18	0		2			2		50	8	0		1			3	3		2	2	2	1	2	2	2	0			5	1	0											6	2	1	1	2	7	1	1	1	1	9	3		2	2															1	0			3		3	1	1	0			1	"1 2 3 4 5 6"	1	1	1	1	1	1	0	0	1	0			2	0			3	0			4	0				7	0			5	1	2	2				1	0			1	1	1	0			1	0				1	0			11	1	0			4	1	0			5	1	0			6	1	0			7	1	0			8	1	0			9	1	0			10	1	0			1	4				2	4				3	4				3		90	1	2	1	90	1	3		90	1	1	0			3		90	1	1	0			1	0			1	0			540	9.0	600	10.0	600	10.0	180	3.0	180	3.0	180	3.0	0																																																																									0	7	1	1	0		1	0	99	1	0	0	0	1	1	1	2	1	1	1	3	4	1	2	1	1	88	88																																										88	88		88														88																																																														0	0	0				88																				88							88	88	"5"	0	0	0	0	1	0	0	0	0	"NON"
629105	"CSB2"	1	1	3	6	1	2	1	0	2	2	1	0	1	"GUARD"		1	2	1	0	1	2	1	3																			0	0	1	1	0	1	1	1	3	1	1	1	"1"	1	0	0	0	0	0	0	0	0	0		"3 5 6 9"	0	0	1	0	1	1	0	0	1	0	0	0	0	4	3	0		5	0		6	0		9	0												0	1	1			"1 2 6"	1	1	0	0	0	1	0	0	1							1							1											0										1	16		66	12			4			12		23	2						3	1	1	30	2	2	0			2	0			5	3		15	2									6	3		15	2	9	3		15	3																				3		90	1	3		90	2	3		90	1	1	"1 2 3 4 5"	1	1	1	1	1	0	0	0	1	0			2	0			3	0			4	0				7	0										1	0			1	1	1	0			3		1	2		1	0			11	2	0			4	2	0			5	2	0			6	2	0			7	2	0			8	2	0			9	2	0			10	2	0			1	4				2	4				3	4				1	0			3		90	2	2	0			3		30	3	3			1	1	0			1	0			1	0			480	8.0	480	8.0	480	8.0	20	0.3333	60	1.0	20	0.3333	0																																																																									1	6	1	1	0		1	0	88	1	1	1	1	1	1	1	2	1	0	1	3	3	1	1	0	1	1	1	1	0		0								"3 4"	0	0	1	1	0	0	0	0	0	0	0	0	0	0	0	0	"9"	0	0	0	0	0	0	0	0	1	0	0	0	1	1	2	1	"2 4 5 7"	1	0	1	1	0	1	0	0	0	0	0	0	1	"2 5 8 18 19 20 21 22 23 24 25"	0	1	0	0	1	0	0	1	0	0	0	0	0	0	0	0	0	1	1	1	1	1	1	1	1	0	0	0	0	0	0	0	0	0	0	0	0	0	0	0	0	0	0	0	0	0	0	0	0	0	0	0	0	0	0	0	0				0	0	0				1	"1"	1	0	0	0	0	0	0	0		"88"	0	0	0	0	0	0	1	0	1	"1"	1	0	0	0	0	0	88	"5"	0	0	0	0	1	0	0	0	0	"THE PROJECT IS NOT PROFITABLE"
630025	"CSB2"	0		3	6	1	7	1	0	1	2	1	43	1	"GUARD"		1	2	1	0	1	7	1	4										"6"	0	0	0	0	0	1	0	0	0	0	0					3	4	0		0													"3 5 6 7 9"	0	0	1	0	1	1	1	0	1	0	0	0	0	5	3	0		5	0		6	0		7	0		9	0									0	1	1			"1 2 3 4 5 6"	1	1	1	1	1	1	0	0	1							1							1											0										1	0		0	0	0		0			0		0	0	0		0			3	1	0			1	0			1	0			5	1	0											6	1	1	90	7	7	1	0			9	1	0																	1	0			1	1	30	7	1	1	30	7	1	"1 2 3 4 5"	1	1	1	1	1	0	0	0	1	0			2	0			3	0			4	0				7	0										1	0			1	1	3		90	1	3		90	1		1	0			11	1	0			4	1	0			5	1	0			6	1	0			7	1	0			8	1	0			9	1	0			10	1	0			1	3		30	10	2	4				3	4				4				4				3		90	7	1	0			3		90	7	1	0			1	0			3		90	1	2880	48.0	2880	48.0	2880	48.0							0																																																																									1	6	1	1	0		1	0	3	1	1	0	1	1	1	1	2	1	1	1	4	5	1	1	1	0	0	0																																										0	3		99														99																																																														0	0	0				0																				1	"1"	1	0	0	0	0	0	99	"5"	0	0	0	0	1	0	0	0	0	"NO RESPONSE"
650052	"CSB1"	1	6	3	6	1	7	1	0	2	1	1	22	1	"GUARD"		1	1	1	0	1	7	1	4										"6"	0	0	0	0	0	1	0	0	0	0	0					2	5	0		0													"3 5 6 7 9"	0	0	1	0	1	1	1	0	1	0	0	0	0	5	3	0		5	0		6	0		7	0		9	0									0	1	1			"8"	0	0	0	0	0	0	0	1	1							1							1											0										1	52		117	0	0		0			24		50	0	0		0			3	1	1	60	7	3		90	7	3		90	7	5	1	1	60	7									6	3		90	7	7	3		30	7	9	3		15	1															4				4				1	0			1	"1 2 3 4 5 6"	1	1	1	1	1	1	0	0	1	0			2	0			3	0			4	0				7	0			5	1	14	2				1	0			1	1	3		90	2	3		90	2		1	0			11	1	0			4	1	0			5	1	0			6	1	0			7	1	0			8	1	0			9	1	1	14	2	10	1	0			1	1	1	30	10	2	4				3	4				4				4				4				4				4				1	0			1	0			1	0			3360	56.0	4320	72.0	3360	56.0	2880	48.0					0																																																																									0	6	1	1	1	2024-11-06	1	1	1	1	0	1	1	1	1	1	2	1	1	1	4	4	1	1	1	0	1	1	6	0		1	"2"	0	1	0	0	0	0	"1 3 5"	1	0	1	0	1	0	0	0	0	0	0	0	0	0	0	0	"1"	1	0	0	0	0	0	0	0	0	0	0	0	1	3		1	"2 7"	1	0	0	0	0	1	0	0	0	0	0	0	99																																																										1	"99"	0	0	0	0	0	1	0	0	0																				1	"1"	1	0	0	0	0	0	1	"2"	0	1	0	0	0	0	0	0	0	"NONE"
650100	"CSB2"	0		3	6	1	1	1	1	3	3	1	99	1	"GUARD"	1	1	0	1	0	1	1	1	3																			0	0	1	1	0	0	0	3	4	1	1	1	"1"	1	0	0	0	0	0	0	0	0	0		"3 5 6 7 9"	0	0	1	0	1	1	1	0	1	0	0	0	0	5	3	0		5	0		6	0		7	0		9	0									0	1	1			"1 2 3 4 5 6"	1	1	1	1	1	1	0	0	1							1							1											0										1	4		21	43	28		0			14		17	31	2		0			3	1	1	30	7	1	1	60	7	1	1	60	7	5	1	0											6	3		7	2	7	1	0			9	3		90	7															4				4				1	0			1	"1 2 3 4 5 6"	1	1	1	1	1	1	0	0	1	0			2	0			3	0			4	0				7	0			5	1	45	7				1	0			1	1	1	0			1	0				1	0			11	1	1	30	7	4	1	0			5	1	0			6	1	0			7	1	0			8	1	0			9	1	0			10	1	0			1	1	0			2	1	1	90	10	3	1	1	90	10	4				4				1	0			1	0			1	0			1	0			1	0			1	0			2880	48.0	2880	48.0	2880	48.0	2880	48.0					0																																																																									0	6	1	1	1	2024-08-30	1	1	3	1	1	1	1	1	1	1	2	1	1	1	4	5	1	1	1	0	0	0																																										0	3		99														0																																																														0	0	0				0																				1	"1 2"	1	1	0	0	0	0	2	"2 4"	0	1	0	1	0	0	0	0	0	"NONE"
650103	"CSB1"	1	6	3	6	1	7	1	0	1	2	1	14	1	"GUARD"		0	2	0	0	1	7	1	4										"6"	0	0	0	0	0	1	0	0	0	0	0					3	4	0		0													"3 5 6 7 9"	0	0	1	0	1	1	1	0	1	0	0	0	0	5	3	0		5	0		6	0		7	0		9	0									0	1	1			"1"	1	0	0	0	0	0	0	0	1							1							1											0										1	0		0	0	0		0			0		0	0	0		0			3	3		90	7	3		90	7	3		90	7	5	3		90	7									6	3		90	7	7	3		90	7	9	3		90	7															4				3		90	7	1	0			1	"1 2 3 4 5"	1	1	1	1	1	0	0	0	1	0			2	0			3	0			4	0				7	0										1	0			1	1	1	0			3		60	10		1	0			11	1	1	30	7	4	1	0			5	1	0			6	1	0			7	1	1	15	7	8	1	0			9	1	0			10	1	0			1	1	0			2	4				3	4				4				4				3		90	7	1	0			3		90	7	1	0			4				3		40	1	2880	48.0	2880	48.0	4320	72.0							0																																																																									0	6	1	1	1	2024-09-12	1	1	3	1	1	0	1	0	1	1	2	1	1	1	4	4	1	1	1	0	1	1	5	0		0								"3"	0	0	1	0	0	0	0	0	0	0	0	0	0	0	0	0	"44"	0	0	0	0	0	0	0	0	0	0	1	0	1	1	1	1	"7"	0	0	0	0	0	1	0	0	0	0	0	0	1	"1 2 3 5 6 7 8 10 11 12 15 18 19 20 21 22 23 24 25 26 27 38 39 40 41 42 43 44"	1	1	1	0	1	1	1	1	0	1	1	1	0	0	1	0	0	1	1	1	1	1	1	1	1	1	1	0	0	0	0	0	0	0	0	0	0	1	1	1	1	1	1	1	0	0	0	0	0	0	0	0	0	0	0	0	1	"2"	0	1	0	0	0	0	0	0	0																				1	"1"	1	0	0	0	0	0	1	"2"	0	1	0	0	0	0	0	0	0	"INCLUD OTHER MEDICATION"
701032	"CSB2"	1	70	2	7	2	7	1	1	2	1	0	0	1	"GUARD"	0	2	1			1	7	1	2	"1 7"	1	0	0	0	0	0	1	0										1	0	1	1	1	1	0	3	4	0		0													"5 6 7 9 10"	0	0	0	0	1	1	1	0	1	1	0	0	0	5	5	1	1000	6	1	1000	7	0		9	1	200	10	0									0																																							0										1			72	0	8		0	0				15	0	1		0	0		5	1	0											6	1	0											7	1	0			9	1	0			10	1	0																	4				3		90	3	1	0			1	"1 2 3 4"	1	1	1	1	0	0	0	0	1	0			2	0			3	0			4	0															1	0			0	1	1	1	30	2	3		60	2		1	0			11	3		15	5	4	1	0			5	1	0			6	1	0			7	1	0			8	1	0			9	1	0			10	1	0			1	1	0			2	4				3	4				4				4				3		90	7	1	0			3		30	7	1	0			1	0			1	0			780	13.0	1440	24.0	780	13.0	480	8.0	600	10.0	480	8.0	0																																																																									0	7	1	1	0		1	0	2	1	1	1	1	1	0	1	2	1	1	1	3	3	1	1	1	0	1	1	50	0		1	"2 4"	0	1	0	1	0	0	"6"	0	0	0	0	0	1	0	0	0	0	0	0	0	0	0	0	"2 3"	0	1	1	0	0	0	0	0	0	0	0	0	1	2		1	"5 6"	0	0	0	1	1	0	0	0	0	0	0	0	1	"18 19 20 21 22 23 24 25 26 27 28 29 30 31 32 33 38 39 40 41 42 43"	0	0	0	0	0	0	0	0	0	0	0	0	0	0	0	0	0	1	1	1	1	1	1	1	1	1	1	1	1	1	1	1	1	0	0	0	0	1	1	1	1	1	1	0	0	0	0	0	0	0	0	0	0	0	0	0	1	"1 2"	1	1	0	0	0	0	0	0	0																				1	"1"	1	0	0	0	0	1	1	"2"	0	1	0	0	0	0	0	0	0	"DO NOT LIMIT PRODUCTS ORDERED"
703036	"CSB2"	1	61	2	7	2	2	1	0	3	1	1	1	1	"GUARD"		2	0	1	1	1	3	1	3																			1	1	1	1	1	1	1	3	4	0		0													"3 5 6 7 9 10 13"	0	0	1	0	1	1	1	0	1	1	0	0	1	7	3	0		5	0		6	0		7	0		9	0		10	0		13	0			0	1	1			"1 3 4 7"	1	0	1	1	0	0	1	0	0	"4"	0	0	0	1	0	0	"3 4"	0	0	1	1	0	0	1										0										1	0		45	33	0		0	0	0	0		20	24	0		0	0	0	3	3		90	2	3		90	2	3		90	2	5	1	0											6	1	0			7	3		55	2	9	1	0			10	1	0			13	1	0							3		90	2	3		90	2	1	0			1	"1 2 3 4 5 6"	1	1	1	1	1	1	0	0	1	0			2	0			3	0			4	0				7	0			5	0						1	0			1	1	1	0			3		30	7		1	0			11	3		5	4	4	1	0			5	1	0			6	1	0			7	1	0			8	1	0			9	1	0			10	1	0			1	3		16	4	2	3		90	2	3	4				1	0			4				3		90	7	1	0			3		90	7	1	0			3		25	2	1	0			120	2.0	180	3.0	120	2.0	60	1.0	120	2.0	60	1.0	0																																																																									1	6	1	1	0		1	0	2	1	0	1	1	1	1	1	2	1	1	1	3	3	1	1	1	0	1	1	6	0		0								"1"	1	0	0	0	0	0	0	0	0	0	0	0	0	0	0	0	"1"	1	0	0	0	0	0	0	0	0	0	0	0	1	2		1	"4 5 6 7"	0	0	1	1	1	1	0	0	0	0	0	0	1	"18 19 20 21 22 23 24 25 26 27 28 29 30 31 32 33 38 39 40 41 42"	0	0	0	0	0	0	0	0	0	0	0	0	0	0	0	0	0	1	1	1	1	1	1	1	1	1	1	1	1	1	1	1	1	0	0	0	0	1	1	1	1	1	0	0	0	0	0	0	0	0	0	0	0	0	0	0	0				0	0	0				0																				1	"1 2"	1	1	0	0	0	0	1	"2"	0	1	0	0	0	0	0	0	0	"ALL THE ISOLATED FACILITY SHOULD BENEFICIT FROM DRONE"
711059	"CSB1"	0		2	7	1	7	1	0	1	2	1	0	1	"GUARD"		0	1	1		1	7	0	3																			1	0	1	1	1	1	0	3	4	0		1	"1"	1	0	0	0	0	0	0	0	0	0		"3 5 6 7 9"	0	0	1	0	1	1	1	0	1	0	0	0	0	5	3	0		5	0		6	0		7	0		9	0									0	1	1			"1 2 3 4 6"	1	1	1	1	0	1	0	0	0	"3 4"	0	0	1	1	0	0	"3 4"	0	0	1	1	0	0	0										0										1	0		27	80	9		0			0		2	3	0		0			3	3		90	7	3		90	7	3		90	7	5	1	0											6	1	0			7	3		60	7	9	1	0																	4				3		90	7	3		90	7	1	"1 2 3 4 5 6"	1	1	1	1	1	1	0	0	1	1	20	7	2	1	20	7	3	1	20	7	4	1	20	7		7	0			5	0						1	0			1	1	1	1	30	1	1	0				1	0			11	1	1	20	7	4	1	0			5	1	0			6	1	0			7	1	0			8	1	0			9	1	0			10	1	0			1	3		60	3	2	3		90	3	3	4				1	0			4				3		90	7	1	0			3		90	7	1	0			1	1	30	7	1	0			240	4.0	300	5.0	240	4.0	420	7.0	540	9.0	420	7.0	0																																																																									1	1	1	1	0		1	0	2	1	1	0	0	1	1	1	2	1	1	1	3	3	1	1	1	0	0	0																																										0	3		1	"2"	1	0	0	0	0	0	0	0	0	0	0	0	1	"1 2 3 10 11 12 14 18 19 20 21 22 23 24 25 26 27 28 29 30 31 32 33 34 35 38 39 40 41 42"	1	1	1	0	0	0	0	0	0	1	1	1	0	1	0	0	0	1	1	1	1	1	1	1	1	1	1	1	1	1	1	1	1	1	1	0	0	1	1	1	1	1	0	0	0	0	0	0	0	0	0	0	0	0	0	0					0	0	0				0																				1	"1"	1	0	0	0	0	0	7	"44"	0	0	0	0	0	0	0	1	0	"NONE"
713082	"CSB2"	1	40	2	7	2	2	1	1	1	1	1	0	1	"GUARD"	0	1	0	1		1	3	1	3																			0	1	0					3	5	0		0													"5 6 7 9 13"	0	0	0	0	1	1	1	0	1	0	0	0	1	5	5	0		6	0		7	0		9	0		13	0									0																																							0										1			62	148	0		0		0			0	0	0		0		0	5	3		7	4									6	1	0											7	3		90	7	9	1	0			13	1	0																	1	0			1	0			1	0			1	"1 2 3 4"	1	1	1	1	0	0	0	0	1	0			2	0			3	0			4	0															1	0			0	1	1	0			1	0				1	0			11	1	0			4	1	0			5	1	0			6	1	0			7	1	0			8	1	0			9	1	0			10	1	0			1	3		90	1	2	4				3	3		90	1	1	0			4				3		90	7	1	0			3		90	7	1	0			1	0			1	0			60	1.0	60	1.0	60	1.0	120	2.0	180	3.0	120	2.0	0																																																																									0	6	1	1	0		1	0	2	1	1	1	1	1	0	1	3	1	0	1	3	3	1	1	1	0	1	1	8	0		0								"1 6"	1	0	0	0	0	1	0	0	0	0	0	0	0	0	0	0	"2"	0	1	0	0	0	0	0	0	0	0	0	0	1	2		1	"4 5 6"	0	0	1	1	1	0	0	0	0	0	0	0	1	"18 19 20 21 22 23 24 25 26 27 28 29 30 31 32 33 34 38 39 40 41 42"	0	0	0	0	0	0	0	0	0	0	0	0	0	0	0	0	0	1	1	1	1	1	1	1	1	1	1	1	1	1	1	1	1	1	0	0	0	1	1	1	1	1	0	0	0	0	0	0	0	0	0	0	0	0	0	0	1	"2"	0	1	0	0	0	0	0	0	0																				1	"1 2"	1	1	0	0	0	0	1	"2"	0	1	0	0	0	0	0	0	0	"COMMUNICATION PROBLEM WITH RECIPIENT"
716106	"CSB2"	1	33	2	7	2	2	1	1	1	1	1	0	1	"GUARD"	0	1	0	1		1	3	0	3																			1	1	1	1	1	1	1	3	5	0		0													"3 5 6 7 9 13"	0	0	1	0	1	1	1	0	1	0	0	0	1	6	3	0		5	1	500	6	1	500	7	0		9	1	100	13	0						0	1	1			"1 2 3 4"	1	1	1	1	0	0	0	0	0	"2 4"	0	1	0	1	0	0	"2 4"	0	1	0	1	0	0	0										0										1	0		105	3	4		0		0	0		6	0	0		0		0	3	3		90	7	3		90	7	3		90	7	5	1	0											6	1	0			7	1	0			9	1	0			13	3		90	3										1	0			1	1	15	5	1	1	15	5	1	"1 2 3 4 5"	1	1	1	1	1	0	0	0	1	0			2	0			3	0			4	0				7	1	7	5								1	0			0	1	3		30	5	1	0				1	0			11	3		30	3	4	1	0			5	1	0			6	1	0			7	3		14	3	8	1	0			9	1	0			10	1	0			1	3		90	1	2	3		90	1	3	3		90	1	1	0			4				3		90	2	1	1	7	5	3		90	7	1	1	15	5	1	1	14	5	3		7	2	180	3.0	240	4.0	180	3.0	180	3.0	240	4.0	180	3.0	0																																																																									0	2	1	1	0		1	0	2	1	0	1	1	1	0	1	2	1	1	1	3	3	1	1	1	0	1	1	8	0		1	"2 4"	0	1	0	1	0	0	"1 5 6"	1	0	0	0	1	1	0	0	0	0	0	0	0	0	0	0	"1 2"	1	1	0	0	0	0	0	0	0	0	0	0	1	2		1	"4 5 6"	0	0	1	1	1	0	0	0	0	0	0	0	0																																																										1	"3"	0	0	1	0	0	0	0	0	0																				1	"1 2"	1	1	0	0	0	0	1	"5"	0	0	0	0	1	0	0	0	0	"TRAINING FOR ALL STAFF"
717091	"CSB2"	0		2	7	2	7	1	0	1	2	1	1	1	"GUARD"		0	1	0	0	1	3	1	2	"1"	1	0	0	0	0	0	0	0										1	0	0					7	4	0		0													"3 5 6 7 9 13"	0	0	1	0	1	1	1	0	1	0	0	0	1	6	3	0		5	0		6	0		7	0		9	0		13	0						0	1	1			"1 2 5 6 7"	1	1	0	0	1	1	1	0	1							1							1											0										1	0		0	52	5		3		1	0		0	21	0		1		1	3	1	0			1	0			1	0			5	3		90	2									6	1	0			7	1	0			9	1	0			13	1	0												4				3		90	2	1	0			1	"1 2 3 4 5 6"	1	1	1	1	1	1	0	0	1	0			2	0			3	0			4	0				7	0			5	0						1	0			1	1	1	0			1	0				1	1	15	2	11	1	0			4	1	0			5	1	0			6	1	0			7	1	0			8	1	0			9	1	0			10	1	0			1	3		90	1	2	3		90	1	3	4				1	0			4				3		90	2	1	0			3		90	2	1	0			1	0			1	0			300	5.0	480	8.0	300	5.0	600	10.0	720	12.0	600	10.0	0																																																																									1	6	1	1	0		1	0	2	1	1	1	1	1	0	1	3	0	0	1	3	3	1	2	2	0	0	0																																										1	99		1	"4 6"	0	0	1	0	1	0	0	0	0	0	0	0	0																																																														0	0	0				0																				0							0	99	"4"	0	0	0	1	0	0	0	0	0	"NONE"
722045	"CSB2"	0		2	7	2	7	1	1	3	1	1	0	1	"GUARD"	0	3	1	0		1	3	1	3																			1	0	1	1	1	1	0	3	5	0		0													"3 5 6 7 9"	0	0	1	0	1	1	1	0	1	0	0	0	0	5	3	0		5	0		6	0		7	0		9	0									0	1	1			"7"	0	0	0	0	0	0	1	0	1							1							1											0										1	12		0	89	0		0			3		0	6	0		0			3	3		90	7	3		90	7	3		90	7	5	3		90	7									6	3		7	3	7	3		90	7	9	1	1	60	5															3		90	7	3		90	7	3		15	5	3																																						3		20	5	0	1	3		3	5	1	0				3		30	5	11	3		45	5	4	1	0			5	1	0			6	3		7	5	7	1	0			8	1	0			9	1	0			10	1	0			1	3		45	3	2	4				3	4				1	0			4				3		90	7	1	0			3		90	7	3		8	2	3		25	5	3		25	2	480	8.0	600	10.0	480	8.0	240	4.0	360	6.0	240	4.0	0																																																																									0	6	1	1	0		1	0	99	1	1	1	1	1	1	1	2	1	1	1	3	3	1	1	1	0	0	0																																										99	3		1	"2 4 5 6"	1	0	1	1	1	0	0	0	0	0	0	0	0																																																														0	0	0				0																				1	"1 2"	1	1	0	0	0	0	99	"44"	0	0	0	0	0	0	0	1	0	"NO BENEFICIARY"
731099	"CSB1"	0		2	7	2	3	1	1	1	1	1	0	1	"GUARD"	0	0	1	1		1	3	1	3																			1	0	1	1	1	1	1	3	4	0		0													"5 6 7 9 13"	0	0	0	0	1	1	1	0	1	0	0	0	1	5	5	1	1000	6	1	1000	7	0		9	0		13	0									0																																							0										1			50	32	4		0		0			0	0	0		0		0	5	3		15	5									6	1	0											7	1	0			9	1	0			13	1	0																	3		2	3	1	0			1	0			1	"1 2 3 4 5 6"	1	1	1	1	1	1	0	0	1	0			2	0			3	0			4	0				7	0			5	0						1	0			1	1	1	0			1	1	15	7		1	0			11	1	0			4	1	0			5	1	0			6	1	0			7	3		7	5	8	1	0			9	1	0			10	3		14	5	1	1	0			2	3		90	7	3	4				1	0			4				3		90	7	1	0			4				1	0			1	0			1	0			300	5.0	360	6.0	300	5.0	420	7.0	540	9.0	420	7.0	0																																																																									1	7	1	1	0		1	0	2	1	1	1	1	1	0	0	5	0	0	1	3	3	1	1	1	0	0	0																																										99	3		1	"4 6"	0	0	1	0	1	0	0	0	0	0	0	0	0																																																														0	0	0				0																				1	"1 2"	1	1	0	0	0	0	44	"44"	0	0	0	0	0	0	0	1	0	"NO BENEFICIARY"
732093	"CSB2"	1	51	2	7	2	2	1	0	2	1	1	0	0			2	0	0			2	1	3																			1	0	1	1	1	1	0	3	4	0		0													"3 5 6 7 9 13"	0	0	1	0	1	1	1	0	1	0	0	0	1	6	3	1	3000	5	1	3000	6	0		7	0		9	0		13	1	1000					0	1	1			"1 2 3 4 7"	1	1	1	1	0	0	1	0	0	"1 3"	1	0	1	0	0	1							1											0										1	0		56	12	15		17		0	0		4	0	0		0		0	3	3		90	7	1	0			1	0			5	1	0											6	1	0			7	1	0			9	1	0			13	1	0												3		90	7	3		90	7	1	0			1	"2 3 4"	0	1	1	1	0	0	0	0	2	0			3	0			4	0																			1	0			1	1	1	0			1	0				1	0			11	1	0			4	1	0			5	1	0			6	1	0			7	1	0			8	1	0			9	1	0			10	1	0			1	3		90	1	2	3		90	1	3	4				1	0			4				3		90	2	1	0			3		90	7	1	0			1	0			1	0			360	6.0	480	8.0	360	6.0	600	10.0	720	12.0	600	10.0	0																																																																									1	6	1	1	1	2024-09-13	1	1	2	1	1	1	1	1	1	1	2	1	1	1	3	3	1	1	1	0	1	1	15	0		1	"2 4"	0	1	0	1	0	0	"1 3 7 9"	1	0	1	0	0	0	1	0	1	0	0	0	0	0	0	0	"1 2 5"	1	1	0	0	1	0	0	0	0	0	0	0	1	1	1	1	"4 5 6"	0	0	1	1	1	0	0	0	0	0	0	0	1	"18 20 21 22 23 24 25 26 27 28 29 30 31 32 33 34 38 39 40 41 42 43"	0	0	0	0	0	0	0	0	0	0	0	0	0	0	0	0	0	1	0	1	1	1	1	1	1	1	1	1	1	1	1	1	1	1	0	0	0	1	1	1	1	1	1	0	0	0	0	0	0	0	0	0	0	0	0	0	1	"1 2"	1	1	0	0	0	0	0	0	0																				1	"1 2"	1	1	0	0	0	1	1	"44"	0	0	0	0	0	0	0	1	0	"COMMUNICATION PROBLEM WITH RECIPIENT"
733065	"CSB2"	0		2	7	2	2	1	0	3	2	1	0	1	"GUARD"		1	1	1		1	7	1	3																			1	0	1	1	1	1	1	3	5	1	1	0													"3 5 6 7 9 13"	0	0	1	0	1	1	1	0	1	0	0	0	1	6	3	0		5	0		6	0		7	0		9	1	100	13	1	200					0	1	1			"1 2 3 4 6 7"	1	1	1	1	0	1	1	0	0	"1 4"	1	0	0	1	0	0	"1 4"	1	0	0	1	0	0	1										0										1	0		0	127	0		0		0	0		0	20	0		0		0	3	3		90	2	1	0			1	0			5	3		60	7									6	1	0			7	3		60	2	9	1	0			13	1	0												1	0			3		90	7	1	0			1	"1 2 3 4 5"	1	1	1	1	1	0	0	0	1	1	15	7	2	0			3	0			4	0				7	0										3		7	5	0	1	3		15	4	3		30	7		1	0			11	1	0			4	1	0			5	1	0			6	1	0			7	1	0			8	1	0			9	1	0			10	1	0			1	3		90	1	2	3		90	1	3	1	1	90	1	4				4				4				1	0			4				1	0			1	0			1	0			720	12.0	840	14.0	720	12.0							0																																																																									0	7	1	1	1	2024-09-10	1	1	2	1	0	1	1	1	0	1	2	1	1	1	3	3	1	1	1	0	0	0																																										0	3		1	"2 4 5 6"	1	0	1	1	1	0	0	0	0	0	0	0	0																																																														0	0	0				0																				1	"1 2"	1	1	0	0	0	0	7	"44"	0	0	0	0	0	0	0	1	0	"NO BENEFICIARY"
734053	"CSB1"	1	30	2	7	2	2	1	0	2	1	1	2	1	"GUARD"		1	0	1	1	1	7	1	3																			1	0	0					3	5	0		0													"5 6 7 9 13"	0	0	0	0	1	1	1	0	1	0	0	0	1	5	5	1	1500	6	1	300	7	1	300	9	1	200	13	0									0																																							0										1			25	25	5		0		0			0	0	0		0		0	5	1	1	14	7									6	1	1	14	7									7	1	1	14	7	9	1	0			13	1	0																	3		60	7	3		90	1	1	0			1	"2 3 4 5"	0	1	1	1	1	0	0	0	2	1	20	1	3	1	15	1	4	1	14	1	7	0															1	0			1	0	1	1	20	2	1	0				1	0			11	1	0			4	1	0			5	1	0			6	1	0			7	1	0			8	1	0			9	1	0			10	1	0			1	3		30	1	2	4				3	4				1	0			4				3		90	7	1	0			4				1	0			1	0			1	0			4320	72.0	4320	72.0	4320	72.0							0																																																																									1	6	1	1	0		1	99	2	1	1	1	1	1	1	1	2	1	1	1	3	3	1	1	1	0	1	1	5	1	1	1	"2 4"	0	1	0	1	0	0	"3 6 9"	0	0	1	0	0	1	0	0	1	0	0	0	0	0	0	0	"2 5"	0	1	0	0	1	0	0	0	0	0	0	0	1	2		1	"4 5 6"	0	0	1	1	1	0	0	0	0	0	0	0	1	"5 18 19 20 21 22 23 24 25 26 27 28 29 30 31 32 33 38 39 40 41 42 43"	0	0	0	0	1	0	0	0	0	0	0	0	0	0	0	0	0	1	1	1	1	1	1	1	1	1	1	1	1	1	1	1	1	0	0	0	0	1	1	1	1	1	1	0	0	0	0	0	0	0	0	0	0	0	0	0	1	"1 2"	1	1	0	0	0	0	0	0	0																				1	"1 2"	1	1	0	0	0	1	1	"2"	0	1	0	0	0	0	0	0	0	"DO NOT LIMIT PRODUCTS ORDERED"
735014	"CSB2"	0		2	7	1	1	1	1	2	2	1	0	1	"GUARD"	1	2	2	1		1	3	1	3																			1	1	1	1	0	0	0	3	4	1	1	1	"1 3"	1	0	1	0	0	0	0	0	0	0		"3 5 6 7 9 10 13"	0	0	1	0	1	1	1	0	1	1	0	0	1	7	3	0		5	0		6	0		7	0		9	0		10	0		13	0			0	1	1			"1 2 3 4 6 7"	1	1	1	1	0	1	1	0	1							1							1											0										1	6		72	108	10		10	4	1	0		1	1	0		0	0	0	3	1	0			1	0			1	0			5	1	0											6	1	0			7	1	0			9	1	0			10	1	0			13	1	0							3		90	99	3		90	7	1	0			1	"1 2 3 4 6"	1	1	1	1	0	1	0	0	1	0			2	0			3	0			4	0				5	0										1	0			1	1	1	0			3		90	7		1	0			11	1	0			4	1	0			5	1	0			6	1	0			7	1	0			8	1	0			9	1	0			10	1	0			1	1	0			2	3		90	7	3	3		90	7	4				4				3		90	7	1	0			3		90	7	1	1	30	1	1	0			1	1	30	1	5	0.0833	5	0.0833	5	0.0833	120	2.0	180	3.0	120	2.0	0																																																																									1	1	1	1	0		1	0	3	1	0	1	1	0	1	0	2	0	1	1	3	4	1	1	1	0	0	0																																										0	3		99														99																																																														0	0	0				0																				1	"1"	1	0	0	0	0	0	99	"44"	0	0	0	0	0	0	0	1	0	"NONE"
735074	"CSB1"	0		2	7	1	2	1	0	1	1	1	0	0			1	1	1			2	1	3																			0	0	1	1	1	1	1	3	4	1	1	1	"1"	1	0	0	0	0	0	0	0	0	1	3	"5 6 7 9 13"	0	0	0	0	1	1	1	0	1	0	0	0	1	5	5	0		6	0		7	0		9	0		13	0									0																																							0										1			15	111	0		0		0			0	0	0		0		0	5	1	1	90	7									6	1	0											7	3		90	7	9	1	1	30	7	13	1	0																	4				3		90	7	3		30	7	3																																						3		30	2	1	1	3		30	2	1	0				1	0			11	1	1	60	7	4	1	0			5	1	0			6	1	0			7	1	0			8	1	0			9	1	0			10	1	0			1	1	0			2	4				3	4				4				4				4				1	0			3		90	7	1	1	20	4	1	0			1	0			90	1.5	90	1.5	90	1.5	150	2.5	150	2.5	150	2.5	1	2024-09-01	"38 39 40 41 42"	0	0	0	0	0	0	0	0	0	0	0	0	0	0	0	0	0	0	0	0	0	0	0	0	0	0	0	0	0	0	0	0	0	0	0	0	0	1	1	1	1	1	0	0	0	0	0	0	0	0	0	0	0	0	0	0	"2"	0	1	0	0	0		"1"	1	0	0	0	0	0	1	1	1	1	0		1	0	3	1	0	1	1	1	0	1	2	0	0	1	3	3	1	1	1	0	0	0																																										0	1	1	1	"2"	1	0	0	0	0	0	0	0	0	0	0	0	1	"1 5 11 38 39 40 41 42 43"	1	0	0	0	1	0	0	0	0	0	1	0	0	0	0	0	0	0	0	0	0	0	0	0	0	0	0	0	0	0	0	0	0	0	0	0	0	1	1	1	1	1	1	0	0	0	0	0	0	0	0	0	0	0	0	0					0	0	0				0																				1	"1"	1	0	0	0	0	0	1	"2"	0	1	0	0	0	0	0	0	0	"ALL THE ISOLATED FACILITY SHOULD BENEFICIT FROM DRONE"
747011	"CSB2"	1	31	2	7	1	7	1	0	0	2	1	0	1	"GUARD"			2	0		1	3	1	3																			0	1	1	1	1	1	1	3	4	1	1	0													"3 5 6 7 9 13"	0	0	1	0	1	1	1	0	1	0	0	0	1	6	3	0		5	0		6	0		7	0		9	0		13	0						0	1	1			"1 2 3 4"	1	1	1	1	0	0	0	0	1							1							1											0										1	12		228	120	17		0		0	0		5	3	0		0		0	3	3		90	7	3		90	7	3		90	7	5	1	0											6	1	0			7	1	0			9	1	0			13	3		90	1										4				3		90	7	1	1	60	7	1	"1 2 3 4 5 6"	1	1	1	1	1	1	0	0	1	0			2	0			3	0			4	0				7	0			5	0						1	0			1	1	1	1	60	7	3		90	7		1	0			11	1	0			4	1	0			5	1	0			6	1	0			7	1	0			8	1	0			9	1	0			10	1	0			1	3		30	7	2	3		90	7	3	3		90	7	1	0			4				3		90	1	1	0			3		90	7	1	0			1	0			1	0			5	0.0833	5	0.0833	5	0.0833	180	3.0	240	4.0	180	3.0	0																																																																									0	1	1	1	0		1	0	99	1	1	1	1	1	0	1	2	1	1	1	4	4	1	1	1	0	1	1	20	0		1	"2 3 4"	0	1	1	1	0	0	"1"	1	0	0	0	0	0	0	0	0	0	0	0	0	0	0	0	"2"	0	1	0	0	0	0	0	0	0	0	0	0	1	1	1	1	"6"	0	0	0	0	1	0	0	0	0	0	0	0	1	"1 5 6 11 12 18 19 20 21 22 23 24 25 26 27 28 29 30 31 32 33 34 38 39 40 41 42 43"	1	0	0	0	1	1	0	0	0	0	1	1	0	0	0	0	0	1	1	1	1	1	1	1	1	1	1	1	1	1	1	1	1	1	0	0	0	1	1	1	1	1	1	0	0	0	0	0	0	0	0	0	0	0	0	0	1	"4"	0	0	0	1	0	0	0	0	0																				0							0	1	"6"	0	0	0	0	0	1	0	0	0	"COMMUNICATION PROBLEM WITH RECIPIENT"
751102	"CSB2"	0		2	7	2	2	1	0	2	1	1	0	1	"GUARD"		2	0	1		1	3	1	3																			1	0	1	1	1	1	0	3	4	0		0													"3 5 6 7 9 10"	0	0	1	0	1	1	1	0	1	1	0	0	0	6	3	1	3000	5	1	3000	6	1	3000	7	1	1000	9	0		10	0						0	1	1			"1 2 3 4 5 6 7"	1	1	1	1	1	1	1	0	1							1							1											1	"1 2 6 7 8"	1	1	0	0	0	1	1	1	1	0		0	35	0		0	0		0		0	0	0		0	0		3	1	0			1	0			1	0			5	3		14	3									6	1	0			7	3		30	4	9	1	0			10	1	0												1	0			1	0			1	0			1	"1 2 3 4 5 6 7"	1	1	1	1	1	1	1	0	1	0			2	0			3	0			4	0				7	0			5	0				6	0	1	0			1	1	1	0			3		90	7		1	1	60	7	11	1	0			4	1	0			5	1	0			6	1	0			7	1	0			8	1	0			9	1	0			10	1	0			1	1	0			2	3		90	2	3	4				1	0			4				1	0			1	0			1	0			1	0			1	0			1	0			120	2.0	180	3.0	120	2.0	360	6.0	420	7.0	360	6.0	0																																																																									1	7	1	1	0		0	0	1	1	0	1	1	1	0	1	2	1	1	1	3	3	1	1	1	0	0	0																																										0	3		1	"2 4 5"	1	0	1	1	0	0	0	0	0	0	0	0	0																																																														0	0	0				0																				1	"1"	1	0	0	0	0	0	44	"44"	0	0	0	0	0	0	0	1	0	"NO BENEFICIARY"
753095	"CSB2"	1	22	2	7	2	7	1	1	2	1	1	0	1	"GUARD"	1	0	1	1		1	3	1	4										"1"	1	0	0	0	0	0	0	0	0	1	1	1	1	1	1	3	4	0		1	"1"	1	0	0	0	0	0	0	0	0	0		"3 4 5 6 7 9 13"	0	0	1	1	1	1	1	0	1	0	0	0	1	7	3	1	5000	4	0		5	0		6	0		7	0		9	0		13	0			0	1	1	0	0	"2 3 4 7"	0	1	1	1	0	0	1	0	1							1							1		"1 3 4 5 6"	1	0	1	1	1	1	0	0	0										1	2	0	156	55	11		0		0	0	0	12	1	0		0		0	3	3		15	3	1	0			1	0			4	3		30	10	1	0			1	0			5	1	0			6	1	0			7	3		90	7	9	3		90	3	13	3		90	3					4				3		90	7	1	0			1	"1 2 3 4 5"	1	1	1	1	1	0	0	0	1	0			2	0			3	0			4	0				7	0										1	0			0	1	1	1	30	7	3		90	7		1	0			11	1	0			4	1	0			5	1	0			6	1	0			7	1	0			8	1	0			9	1	0			10	1	0			1	1	0			2	1	0			3	1	0			1	0			4				3		90	7	1	0			3		90	7	1	0			1	0			1	0			5	0.0833	5	0.0833	5	0.0833	60	1.0	120	2.0	60	1.0	0																																																																									0	4	1	1	0		1	0	2	1	1	1	1	1	1	1	4	0	0	1	3	3	0				1	1	20	0		1	"2 4"	0	1	0	1	0	0	"44"	0	0	0	0	0	0	0	0	0	0	0	0	0	0	1	0	"1 2"	1	1	0	0	0	0	0	0	0	0	0	0	1	1	1	1	"4"	0	0	1	0	0	0	0	0	0	0	0	0	1	"1 2 3 5 6 10 11 12 15 16 17 18 19 20 21 22 23 24 25 26 27 28 29 30 31 32 33 34 38 39 40 41 42 43"	1	1	1	0	1	1	0	0	0	1	1	1	0	0	1	1	1	1	1	1	1	1	1	1	1	1	1	1	1	1	1	1	1	1	0	0	0	1	1	1	1	1	1	0	0	0	0	0	0	0	0	0	0	0	0	0	1	"1"	1	0	0	0	0	0	0	0	0																				1	"1 2"	1	1	0	0	0	1	1	"2"	0	1	0	0	0	0	0	0	0	"RELEASE POINT PROBLEM"
755038	"CSB1"	1	10	2	7	1	1	1	0	1	1	0	0	1	"GUARD"		1	1			1	2	1	3																			0	0	0					3	4	0		0													"5 6 7 9 13"	0	0	0	0	1	1	1	0	1	0	0	0	1	5	5	0		6	0		7	0		9	0		13	0									0																																							0										1			31	3	0		0		0			0	0	0		0		0	5	1	0											6	1	0											7	3		90	7	9	1	0			13	1	0																	4				3		30	2	1	0			1	"1 2 3 4 5"	1	1	1	1	1	0	0	0	1	0			2	0			3	0			4	0				7	0										1	0			1	1	1	0			3		30	2		1	1	30	2	11	1	0			4	1	0			5	1	0			6	1	0			7	1	0			8	1	0			9	1	0			10	1	0			1	1	0			2	3		90	2	3	4				4				4				4				1	0			3		90	2	1	0			1	0			1	0			180	3.0	240	4.0	180	3.0	420	7.0	480	8.0	420	7.0	0																																																																									1	1	1	1	0		1	0	99	1	0	1	1	1	0	1	2	1	1	1	3	3	0				1	1	5	0		1	"2 4"	0	1	0	1	0	0	"1 9"	1	0	0	0	0	0	0	0	1	0	0	0	0	0	0	0	"2"	0	1	0	0	0	0	0	0	0	0	0	0	1	1	2	1	"6 7"	0	0	0	0	1	1	0	0	0	0	0	0	1	"5 11 18 19 20 21 22 23 24 25 38 39 40 41 42 43 52"	0	0	0	0	1	0	0	0	0	0	1	0	0	0	0	0	0	1	1	1	1	1	1	1	1	0	0	0	0	0	0	0	0	0	0	0	0	1	1	1	1	1	1	0	0	0	0	0	0	0	0	1	0	0	0	0	1	"2"	0	1	0	0	0	0	0	0	0																				1	"1 2"	1	1	0	0	0	1	1	"4"	0	0	0	1	0	0	0	0	0	"LATE DELIVERY"
755101	"CSB2"	0		2	7	2	2	1	1	1	2	1	0	2	"TREASURER"	0	1	2	1		0	3	1	3																			0	0	1	1	1	1	1	3	4	0		1	"1"	1	0	0	0	0	0	0	0	0	0		"3 5 6 7 9"	0	0	1	0	1	1	1	0	1	0	0	0	0	5	3	0		5	0		6	0		7	0		9	0									0	1	1			"1 2 3 4 5 6 7"	1	1	1	1	1	1	1	0	1							1							1											0										1	0		0	151	0		0			0		0	17	0		0			3	3		90	7	3		90	7	3		90	7	5	1	0											6	1	0			7	1	0			9	1	0																	1	0			4				1	0			1	"2 3 4 5 6"	0	1	1	1	1	1	0	0	2	0			3	0			4	0			7	0				5	0										3		30	7	1	1	1	0			1	0				1	0			11	1	1	14	2	4	1	0			5	1	0			6	1	0			7	1	0			8	1	0			9	1	0			10	1	0			1	3		30	2	2	4				3	1	0			3		90	1	1	0			4				1	0			4				1	0			1	0			1	0			15	0.25	30	0.5	15	0.25	240	4.0	300	5.0	240	4.0	0																																																																									0	1	1	1	1	2024-11-15	1	1	3	1	1	1	1	1	0	1	2	1	1	1	4	4	1	1	1	0	0	0																																										0	3		99														0																																																														0	0	0				0																				1	"1 2"	1	1	0	0	0	0	6	"1"	1	0	0	0	0	0	0	0	0	"TRAINING FOR ALL STAFF/SIMPLIFY THE ORDERING PROCESS"
